season,team,head_coach,off_coordinator,def_coordinator,head_coach_all,off_coordinator_all,def_coordinator_all,fields_from,source,revision_id,page_found,retrieved_at_utc
2015,ARI,Bruce Arians,Harold Goodwin,James Bettcher,Bruce Arians,Harold Goodwin,James Bettcher,infobox,https://en.wikipedia.org/wiki/2015_Arizona_Cardinals_season,1350648127,True,2026-10-05T16:29:19+00:00
2015,ATL,Dan Quinn,Kyle Shanahan,Richard Smith,Dan Quinn,Kyle Shanahan,Richard Smith,infobox+final staff box,https://en.wikipedia.org/wiki/2015_Atlanta_Falcons_season,1370132262,True,2026-10-05T16:29:19+00:00
2015,BAL,John Harbaugh,Marc Trestman,Dean Pees,John Harbaugh,Marc Trestman,Dean Pees,infobox,https://en.wikipedia.org/wiki/2015_Baltimore_Ravens_season,1370133711,True,2026-10-05T16:29:19+00:00
2015,BUF,Rex Ryan,Greg Roman,Dennis Thurman,Rex Ryan,Greg Roman,Dennis Thurman,infobox+final staff box,https://en.wikipedia.org/wiki/2015_Buffalo_Bills_season,1370133951,True,2026-10-05T16:29:19+00:00
2015,CAR,Ron Rivera,Mike Shula,Sean McDermott,Ron Rivera,Mike Shula,Sean McDermott,infobox,https://en.wikipedia.org/wiki/2015_Carolina_Panthers_season,1378555840,True,2026-10-05T16:29:19+00:00
2015,CHI,John Fox,Adam Gase,Vic Fangio,John Fox,Adam Gase,Vic Fangio,infobox+final staff box,https://en.wikipedia.org/wiki/2015_Chicago_Bears_season,1370132572,True,2026-10-05T16:29:19+00:00
2015,CIN,Marvin Lewis,Hue Jackson,Paul Guenther,Marvin Lewis,Hue Jackson,Paul Guenther,infobox,https://en.wikipedia.org/wiki/2015_Cincinnati_Bengals_season,1370133207,True,2026-10-05T16:29:19+00:00
2015,CLE,Mike Pettine,John DeFilippo,Jim O'Neil,Mike Pettine,John DeFilippo,Jim O'Neil,infobox+final staff box,https://en.wikipedia.org/wiki/2015_Cleveland_Browns_season,1377094210,True,2026-10-05T16:29:19+00:00
2015,DAL,Jason Garrett,Scott Linehan,Rod Marinelli,Jason Garrett,Scott Linehan,Rod Marinelli,infobox+final staff box,https://en.wikipedia.org/wiki/2015_Dallas_Cowboys_season,1359131175,True,2026-10-05T16:29:19+00:00
2015,DEN,Gary Kubiak,Rick Dennison,Wade Phillips,Gary Kubiak,Rick Dennison,Wade Phillips,infobox,https://en.wikipedia.org/wiki/2015_Denver_Broncos_season,1366621824,True,2026-10-05T16:29:19+00:00
2015,DET,Jim Caldwell,Joe Lombardi,Teryl Austin,Jim Caldwell,Joe Lombardi,Teryl Austin,infobox,https://en.wikipedia.org/wiki/2015_Detroit_Lions_season,1369762383,True,2026-10-05T16:29:19+00:00
2015,GB,Mike McCarthy,Edgar Bennett,Dom Capers,Mike McCarthy,Edgar Bennett,Dom Capers,infobox,https://en.wikipedia.org/wiki/2015_Green_Bay_Packers_season,1354644642,True,2026-10-05T16:29:19+00:00
2015,HOU,Bill O'Brien,George Godsey,Romeo Crennel,Bill O'Brien,George Godsey,Romeo Crennel,infobox,https://en.wikipedia.org/wiki/2015_Houston_Texans_season,1370133672,True,2026-10-05T16:29:19+00:00
2015,IND,Chuck Pagano,Rob Chudzinski,Greg Manusky,Chuck Pagano,Rob Chudzinski,Greg Manusky,infobox+final staff box,https://en.wikipedia.org/wiki/2015_Indianapolis_Colts_season,1376812708,True,2026-10-05T16:29:19+00:00
2015,JAX,Gus Bradley,Greg Olson,Bob Babich,Gus Bradley,Greg Olson,Bob Babich,infobox,https://en.wikipedia.org/wiki/2015_Jacksonville_Jaguars_season,1370134033,True,2026-10-05T16:29:19+00:00
2015,KC,Andy Reid,Doug Pederson,Bob Sutton,Andy Reid,Doug Pederson,Bob Sutton,infobox,https://en.wikipedia.org/wiki/2015_Kansas_City_Chiefs_season,1366769610,True,2026-10-05T16:29:19+00:00
2015,LA,Jeff Fisher,Rob Boras,Gregg Williams,Jeff Fisher,Rob Boras,Gregg Williams,infobox+final staff box,https://en.wikipedia.org/wiki/2015_St._Louis_Rams_season,1370132717,True,2026-10-05T16:29:19+00:00
2015,LAC,Mike McCoy,Frank Reich,John Pagano,Mike McCoy,Frank Reich,John Pagano,infobox+final staff box,https://en.wikipedia.org/wiki/2015_San_Diego_Chargers_season,1370817449,True,2026-10-05T16:29:19+00:00
2015,LV,Jack Del Rio,Bill Musgrave,Ken Norton Jr.,Jack Del Rio,Bill Musgrave,Ken Norton Jr.,infobox+final staff box,https://en.wikipedia.org/wiki/2015_Oakland_Raiders_season,1370133420,True,2026-10-05T16:29:19+00:00
2015,MIA,Joe Philbin,Zac Taylor,Lou Anarumo,Joe Philbin; Dan Campbell,Zac Taylor,Lou Anarumo,infobox+final staff box,https://en.wikipedia.org/wiki/2015_Miami_Dolphins_season,1370133986,True,2026-10-05T16:29:19+00:00
2015,MIN,Mike Zimmer,Norv Turner,George Edwards,Mike Zimmer,Norv Turner,George Edwards,infobox,https://en.wikipedia.org/wiki/2015_Minnesota_Vikings_season,1370133363,True,2026-10-05T16:29:19+00:00
2015,NE,Bill Belichick,Josh McDaniels,Matt Patricia,Bill Belichick,Josh McDaniels,Matt Patricia,infobox,https://en.wikipedia.org/wiki/2015_New_England_Patriots_season,1357442457,True,2026-10-05T16:29:19+00:00
2015,NO,Sean Payton,Pete Carmichael Jr.,Rob Ryan,Sean Payton,Pete Carmichael Jr.,Rob Ryan; Dennis Allen,infobox,https://en.wikipedia.org/wiki/2015_New_Orleans_Saints_season,1370134080,True,2026-10-05T16:29:19+00:00
2015,NYG,Tom Coughlin,Ben McAdoo,Steve Spagnuolo,Tom Coughlin,Ben McAdoo,Steve Spagnuolo,infobox+final staff box,https://en.wikipedia.org/wiki/2015_New_York_Giants_season,1370133748,True,2026-10-05T16:29:19+00:00
2015,NYJ,Todd Bowles,Chan Gailey,Kacy Rodgers,Todd Bowles,Chan Gailey,Kacy Rodgers,infobox+final staff box,https://en.wikipedia.org/wiki/2015_New_York_Jets_season,1369791148,True,2026-10-05T16:29:19+00:00
2015,PHI,Chip Kelly,Pat Shurmur,Billy Davis,Chip Kelly; Pat Shurmur,Pat Shurmur,Billy Davis,infobox+final staff box,https://en.wikipedia.org/wiki/2015_Philadelphia_Eagles_season,1370133551,True,2026-10-05T16:29:19+00:00
2015,PIT,Mike Tomlin,Todd Haley,Keith Butler,Mike Tomlin,Todd Haley,Keith Butler,infobox,https://en.wikipedia.org/wiki/2015_Pittsburgh_Steelers_season,1363850608,True,2026-10-05T16:29:19+00:00
2015,SEA,Pete Carroll,Darrell Bevell,Kris Richard,Pete Carroll,Darrell Bevell,Kris Richard,infobox,https://en.wikipedia.org/wiki/2015_Seattle_Seahawks_season,1341148379,True,2026-10-05T16:29:19+00:00
2015,SF,Jim Tomsula,Geep Chryst,Eric Mangini,Jim Tomsula,Geep Chryst,Eric Mangini,infobox,https://en.wikipedia.org/wiki/2015_San_Francisco_49ers_season,1362618511,True,2026-10-05T16:29:19+00:00
2015,TB,Lovie Smith,Dirk Koetter,Leslie Frazier,Lovie Smith,Dirk Koetter,Leslie Frazier,infobox+final staff box,https://en.wikipedia.org/wiki/2015_Tampa_Bay_Buccaneers_season,1363385395,True,2026-10-05T16:29:19+00:00
2015,TEN,Ken Whisenhunt,Jason Michael,Ray Horton,Ken Whisenhunt; Mike Mularkey,Jason Michael,Ray Horton,infobox+final staff box,https://en.wikipedia.org/wiki/2015_Tennessee_Titans_season,1378550395,True,2026-10-05T16:29:19+00:00
2015,WAS,Jay Gruden,Sean McVay,Joe Barry,Jay Gruden,Sean McVay,Joe Barry,infobox,https://en.wikipedia.org/wiki/2015_Washington_Redskins_season,1360202556,True,2026-10-05T16:29:19+00:00
2016,ARI,Bruce Arians,Harold Goodwin,James Bettcher,Bruce Arians,Harold Goodwin,James Bettcher,infobox+final staff box,https://en.wikipedia.org/wiki/2016_Arizona_Cardinals_season,1350648276,True,2026-10-05T16:29:19+00:00
2016,ATL,Dan Quinn,Kyle Shanahan,Richard Smith,Dan Quinn,Kyle Shanahan,Richard Smith,infobox,https://en.wikipedia.org/wiki/2016_Atlanta_Falcons_season,1376846634,True,2026-10-05T16:29:19+00:00
2016,BAL,John Harbaugh,Marc Trestman,Dean Pees,John Harbaugh,Marc Trestman; Marty Mornhinweg,Dean Pees,infobox,https://en.wikipedia.org/wiki/2016_Baltimore_Ravens_season,1370412163,True,2026-10-05T16:29:19+00:00
2016,BUF,Rex Ryan,,Dennis Thurman,Rex Ryan; Anthony Lynn,,Dennis Thurman,infobox+final staff box,https://en.wikipedia.org/wiki/2016_Buffalo_Bills_season,1341139589,True,2026-10-05T16:29:19+00:00
2016,CAR,Ron Rivera,Mike Shula,Sean McDermott,Ron Rivera,Mike Shula,Sean McDermott,infobox+final staff box,https://en.wikipedia.org/wiki/2016_Carolina_Panthers_season,1378487398,True,2026-10-05T16:29:19+00:00
2016,CHI,John Fox,Dowell Loggains,Vic Fangio,John Fox,Dowell Loggains,Vic Fangio,infobox+final staff box,https://en.wikipedia.org/wiki/2016_Chicago_Bears_season,1341142611,True,2026-10-05T16:29:19+00:00
2016,CIN,Marvin Lewis,Ken Zampese,Paul Guenther,Marvin Lewis,Ken Zampese,Paul Guenther,infobox+final staff box,https://en.wikipedia.org/wiki/2016_Cincinnati_Bengals_season,1370804087,True,2026-10-05T16:29:19+00:00
2016,CLE,Hue Jackson,,Ray Horton,Hue Jackson,,Ray Horton,infobox+final staff box,https://en.wikipedia.org/wiki/2016_Cleveland_Browns_season,1372001152,True,2026-10-05T16:29:19+00:00
2016,DAL,Jason Garrett,Scott Linehan,Rod Marinelli,Jason Garrett,Scott Linehan,Rod Marinelli,infobox+final staff box,https://en.wikipedia.org/wiki/2016_Dallas_Cowboys_season,1373157731,True,2026-10-05T16:29:19+00:00
2016,DEN,Gary Kubiak,Rick Dennison,Wade Phillips,Gary Kubiak; Joe DeCamillis,Rick Dennison,Wade Phillips,infobox+final staff box,https://en.wikipedia.org/wiki/2016_Denver_Broncos_season,1360390400,True,2026-10-05T16:29:19+00:00
2016,DET,Jim Caldwell,Jim Bob Cooter,Teryl Austin,Jim Caldwell,Jim Bob Cooter,Teryl Austin,infobox+final staff box,https://en.wikipedia.org/wiki/2016_Detroit_Lions_season,1377166103,True,2026-10-05T16:29:19+00:00
2016,GB,Mike McCarthy,Edgar Bennett,Dom Capers,Mike McCarthy,Edgar Bennett,Dom Capers,infobox,https://en.wikipedia.org/wiki/2016_Green_Bay_Packers_season,1341146224,True,2026-10-05T16:29:19+00:00
2016,HOU,Bill O'Brien,George Godsey,Romeo Crennel,Bill O'Brien,George Godsey,Romeo Crennel,infobox,https://en.wikipedia.org/wiki/2016_Houston_Texans_season,1344836378,True,2026-10-05T16:29:19+00:00
2016,IND,Chuck Pagano,Rob Chudzinski,Ted Monachino,Chuck Pagano,Rob Chudzinski,Ted Monachino,infobox+final staff box,https://en.wikipedia.org/wiki/2016_Indianapolis_Colts_season,1352681224,True,2026-10-05T16:29:19+00:00
2016,JAX,Gus Bradley,Greg Olson,Todd Wash,Gus Bradley; Doug Marrone,Greg Olson,Todd Wash,infobox,https://en.wikipedia.org/wiki/2016_Jacksonville_Jaguars_season,1341177352,True,2026-10-05T16:29:19+00:00
2016,KC,Andy Reid,Brad Childress,Bob Sutton,Andy Reid,Brad Childress; Matt Nagy,Bob Sutton,infobox,https://en.wikipedia.org/wiki/2016_Kansas_City_Chiefs_season,1365395539,True,2026-10-05T16:29:19+00:00
2016,LA,Jeff Fisher,,Gregg Williams,Jeff Fisher; John Fassel,,Gregg Williams,infobox+final staff box,https://en.wikipedia.org/wiki/2016_Los_Angeles_Rams_season,1363836694,True,2026-10-05T16:29:19+00:00
2016,LAC,Mike McCoy,Ken Whisenhunt,John Pagano,Mike McCoy,Ken Whisenhunt,John Pagano,infobox+final staff box,https://en.wikipedia.org/wiki/2016_San_Diego_Chargers_season,1346666616,True,2026-10-05T16:29:19+00:00
2016,LV,Jack Del Rio,Bill Musgrave,Ken Norton Jr.,Jack Del Rio,Bill Musgrave,Ken Norton Jr.,infobox+final staff box,https://en.wikipedia.org/wiki/2016_Oakland_Raiders_season,1369438218,True,2026-10-05T16:29:19+00:00
2016,MIA,Adam Gase,Clyde Christensen,Vance Joseph,Adam Gase,Clyde Christensen,Vance Joseph,infobox+final staff box,https://en.wikipedia.org/wiki/2016_Miami_Dolphins_season,1366730555,True,2026-10-05T16:29:19+00:00
2016,MIN,Mike Zimmer,Norv Turner,George Edwards,Mike Zimmer; Mike Priefer,Norv Turner; Pat Shurmur,George Edwards,infobox+final staff box,https://en.wikipedia.org/wiki/2016_Minnesota_Vikings_season,1358919574,True,2026-10-05T16:29:19+00:00
2016,NE,Bill Belichick,Josh McDaniels,Matt Patricia,Bill Belichick,Josh McDaniels,Matt Patricia,infobox,https://en.wikipedia.org/wiki/2016_New_England_Patriots_season,1374695248,True,2026-10-05T16:29:19+00:00
2016,NO,Sean Payton,Pete Carmichael Jr.,Dennis Allen,Sean Payton,Pete Carmichael Jr.,Dennis Allen,infobox,https://en.wikipedia.org/wiki/2016_New_Orleans_Saints_season,1345481400,True,2026-10-05T16:29:19+00:00
2016,NYG,Ben McAdoo,Mike Sullivan,Steve Spagnuolo,Ben McAdoo,Mike Sullivan,Steve Spagnuolo,infobox+final staff box,https://en.wikipedia.org/wiki/2016_New_York_Giants_season,1345192015,True,2026-10-05T16:29:19+00:00
2016,NYJ,Todd Bowles,Chan Gailey,Kacy Rodgers,Todd Bowles,Chan Gailey,Kacy Rodgers,infobox+final staff box,https://en.wikipedia.org/wiki/2016_New_York_Jets_season,1369791206,True,2026-10-05T16:29:19+00:00
2016,PHI,Doug Pederson,Frank Reich,Jim Schwartz,Doug Pederson,Frank Reich,Jim Schwartz,infobox+final staff box,https://en.wikipedia.org/wiki/2016_Philadelphia_Eagles_season,1358118769,True,2026-10-05T16:29:19+00:00
2016,PIT,Mike Tomlin,Todd Haley,Keith Butler,Mike Tomlin,Todd Haley,Keith Butler,infobox,https://en.wikipedia.org/wiki/2016_Pittsburgh_Steelers_season,1352363643,True,2026-10-05T16:29:19+00:00
2016,SEA,Pete Carroll,Darrell Bevell,Kris Richard,Pete Carroll,Darrell Bevell,Kris Richard,infobox+final staff box,https://en.wikipedia.org/wiki/2016_Seattle_Seahawks_season,1374695247,True,2026-10-05T16:29:19+00:00
2016,SF,Chip Kelly,Curtis Modkins,Jim O'Neil,Chip Kelly,Curtis Modkins,Jim O'Neil,infobox,https://en.wikipedia.org/wiki/2016_San_Francisco_49ers_season,1356242816,True,2026-10-05T16:29:19+00:00
2016,TB,Dirk Koetter,Todd Monken,Mike Smith,Dirk Koetter,Todd Monken,Mike Smith,infobox+final staff box,https://en.wikipedia.org/wiki/2016_Tampa_Bay_Buccaneers_season,1354252456,True,2026-10-05T16:29:19+00:00
2016,TEN,Mike Mularkey,Terry Robiskie,,Mike Mularkey,Terry Robiskie,,infobox+final staff box,https://en.wikipedia.org/wiki/2016_Tennessee_Titans_season,1378517036,True,2026-10-05T16:29:19+00:00
2016,WAS,Jay Gruden,Sean McVay,Joe Barry,Jay Gruden,Sean McVay,Joe Barry,infobox,https://en.wikipedia.org/wiki/2016_Washington_Redskins_season,1356825073,True,2026-10-05T16:29:19+00:00
2017,ARI,Bruce Arians,Harold Goodwin,James Bettcher,Bruce Arians,Harold Goodwin,James Bettcher,infobox+final staff box,https://en.wikipedia.org/wiki/2017_Arizona_Cardinals_season,1350648519,True,2026-10-05T16:29:19+00:00
2017,ATL,Dan Quinn,Steve Sarkisian,Marquand Manuel,Dan Quinn,Steve Sarkisian,Marquand Manuel,infobox,https://en.wikipedia.org/wiki/2017_Atlanta_Falcons_season,1367554286,True,2026-10-05T16:29:19+00:00
2017,BAL,John Harbaugh,Marty Mornhinweg,Dean Pees,John Harbaugh,Marty Mornhinweg,Dean Pees,infobox,https://en.wikipedia.org/wiki/2017_Baltimore_Ravens_season,1370817997,True,2026-10-05T16:29:19+00:00
2017,BUF,Sean McDermott,Rick Dennison,Leslie Frazier,Sean McDermott,Rick Dennison,Leslie Frazier,infobox,https://en.wikipedia.org/wiki/2017_Buffalo_Bills_season,1370818027,True,2026-10-05T16:29:19+00:00
2017,CAR,Ron Rivera,Mike Shula,Steve Wilks,Ron Rivera,Mike Shula,Steve Wilks,infobox,https://en.wikipedia.org/wiki/2017_Carolina_Panthers_season,1373366087,True,2026-10-05T16:29:19+00:00
2017,CHI,John Fox,Dowell Loggains,Vic Fangio,John Fox,Dowell Loggains,Vic Fangio,infobox+final staff box,https://en.wikipedia.org/wiki/2017_Chicago_Bears_season,1370818040,True,2026-10-05T16:29:19+00:00
2017,CIN,Marvin Lewis,Ken Zampese,Paul Guenther,Marvin Lewis,Ken Zampese; Bill Lazor,Paul Guenther,infobox+final staff box,https://en.wikipedia.org/wiki/2017_Cincinnati_Bengals_season,1368467576,True,2026-10-05T16:29:19+00:00
2017,CLE,Hue Jackson,,Gregg Williams,Hue Jackson,,Gregg Williams,infobox+final staff box,https://en.wikipedia.org/wiki/2017_Cleveland_Browns_season,1375305048,True,2026-10-05T16:29:19+00:00
2017,DAL,Jason Garrett,Scott Linehan,Rod Marinelli,Jason Garrett,Scott Linehan,Rod Marinelli,infobox+final staff box,https://en.wikipedia.org/wiki/2017_Dallas_Cowboys_season,1365804787,True,2026-10-05T16:29:19+00:00
2017,DEN,Vance Joseph,Mike McCoy,Joe Woods,Vance Joseph,Mike McCoy,Joe Woods,infobox+final staff box,https://en.wikipedia.org/wiki/2017_Denver_Broncos_season,1370979314,True,2026-10-05T16:29:19+00:00
2017,DET,Jim Caldwell,Jim Bob Cooter,Teryl Austin,Jim Caldwell,Jim Bob Cooter,Teryl Austin,infobox+final staff box,https://en.wikipedia.org/wiki/2017_Detroit_Lions_season,1362619656,True,2026-10-05T16:29:19+00:00
2017,GB,Mike McCarthy,Edgar Bennett,Dom Capers,Mike McCarthy,Edgar Bennett,Dom Capers,infobox+final staff box,https://en.wikipedia.org/wiki/2017_Green_Bay_Packers_season,1341146246,True,2026-10-05T16:29:19+00:00
2017,HOU,Bill O'Brien,,Mike Vrabel,Bill O'Brien,,Mike Vrabel,infobox+final staff box,https://en.wikipedia.org/wiki/2017_Houston_Texans_season,1352671529,True,2026-10-05T16:29:19+00:00
2017,IND,Chuck Pagano,Rob Chudzinski,Ted Monachino,Chuck Pagano,Rob Chudzinski,Ted Monachino,infobox+final staff box,https://en.wikipedia.org/wiki/2017_Indianapolis_Colts_season,1374114738,True,2026-10-05T16:29:19+00:00
2017,JAX,Doug Marrone,Nathaniel Hackett,Todd Wash,Doug Marrone,Nathaniel Hackett,Todd Wash,infobox,https://en.wikipedia.org/wiki/2017_Jacksonville_Jaguars_season,1351902452,True,2026-10-05T16:29:19+00:00
2017,KC,Andy Reid,Matt Nagy,Bob Sutton,Andy Reid,Matt Nagy,Bob Sutton,infobox,https://en.wikipedia.org/wiki/2017_Kansas_City_Chiefs_season,1341196922,True,2026-10-05T16:29:19+00:00
2017,LA,Sean McVay,Matt LaFleur,Wade Phillips,Sean McVay,Matt LaFleur,Wade Phillips,infobox,https://en.wikipedia.org/wiki/2017_Los_Angeles_Rams_season,1369982682,True,2026-10-05T16:29:19+00:00
2017,LAC,Anthony Lynn,Ken Whisenhunt,Gus Bradley,Anthony Lynn,Ken Whisenhunt,Gus Bradley,infobox+final staff box,https://en.wikipedia.org/wiki/2017_Los_Angeles_Chargers_season,1353582933,True,2026-10-05T16:29:19+00:00
2017,LV,Jack Del Rio,Todd Downing,Ken Norton Jr,Jack Del Rio,Todd Downing,Ken Norton Jr,infobox+final staff box,https://en.wikipedia.org/wiki/2017_Oakland_Raiders_season,1369438262,True,2026-10-05T16:29:19+00:00
2017,MIA,Adam Gase,Clyde Christensen,Matt Burke,Adam Gase,Clyde Christensen,Matt Burke,infobox+final staff box,https://en.wikipedia.org/wiki/2017_Miami_Dolphins_season,1354762561,True,2026-10-05T16:29:19+00:00
2017,MIN,Mike Zimmer,Pat Shurmur,George Edwards,Mike Zimmer,Pat Shurmur,George Edwards,infobox,https://en.wikipedia.org/wiki/2017_Minnesota_Vikings_season,1362619916,True,2026-10-05T16:29:19+00:00
2017,NE,Bill Belichick,Josh McDaniels,Matt Patricia,Bill Belichick,Josh McDaniels,Matt Patricia,infobox,https://en.wikipedia.org/wiki/2017_New_England_Patriots_season,1377165152,True,2026-10-05T16:29:19+00:00
2017,NO,Sean Payton,Pete Carmichael Jr.,Dennis Allen,Sean Payton,Pete Carmichael Jr.,Dennis Allen,infobox,https://en.wikipedia.org/wiki/2017_New_Orleans_Saints_season,1341201087,True,2026-10-05T16:29:19+00:00
2017,NYG,Ben McAdoo,Mike Sullivan,Steve Spagnuolo,Ben McAdoo; Steve Spagnuolo,Mike Sullivan,Steve Spagnuolo,infobox+final staff box,https://en.wikipedia.org/wiki/2017_New_York_Giants_season,1345192134,True,2026-10-05T16:29:19+00:00
2017,NYJ,Todd Bowles,John Morton,Kacy Rodgers,Todd Bowles,John Morton,Kacy Rodgers,infobox+final staff box,https://en.wikipedia.org/wiki/2017_New_York_Jets_season,1369791253,True,2026-10-05T16:29:19+00:00
2017,PHI,Doug Pederson,Frank Reich,Jim Schwartz,Doug Pederson,Frank Reich,Jim Schwartz,infobox,https://en.wikipedia.org/wiki/2017_Philadelphia_Eagles_season,1374204725,True,2026-10-05T16:29:19+00:00
2017,PIT,Mike Tomlin,Todd Haley,Keith Butler,Mike Tomlin,Todd Haley,Keith Butler,infobox,https://en.wikipedia.org/wiki/2017_Pittsburgh_Steelers_season,1362619048,True,2026-10-05T16:29:19+00:00
2017,SEA,Pete Carroll,Darrell Bevell,Kris Richard,Pete Carroll,Darrell Bevell,Kris Richard,infobox+final staff box,https://en.wikipedia.org/wiki/2017_Seattle_Seahawks_season,1377165368,True,2026-10-05T16:29:19+00:00
2017,SF,Kyle Shanahan,Kyle Shanahan,Robert Saleh,Kyle Shanahan,Kyle Shanahan,Robert Saleh,infobox,https://en.wikipedia.org/wiki/2017_San_Francisco_49ers_season,1359212124,True,2026-10-05T16:29:19+00:00
2017,TB,Dirk Koetter,Todd Monken,Mike Smith,Dirk Koetter,Todd Monken,Mike Smith,infobox+final staff box,https://en.wikipedia.org/wiki/2017_Tampa_Bay_Buccaneers_season,1341181169,True,2026-10-05T16:29:19+00:00
2017,TEN,Mike Mularkey,Terry Robiskie,Dick LeBeau,Mike Mularkey,Terry Robiskie,Dick LeBeau,infobox,https://en.wikipedia.org/wiki/2017_Tennessee_Titans_season,1378451176,True,2026-10-05T16:29:19+00:00
2017,WAS,Jay Gruden,Matt Cavanaugh,Greg Manusky,Jay Gruden,Matt Cavanaugh,Greg Manusky,infobox,https://en.wikipedia.org/wiki/2017_Washington_Redskins_season,1364404578,True,2026-10-05T16:29:19+00:00
2018,ARI,Steve Wilks,Mike McCoy,Al Holcomb,Steve Wilks,Mike McCoy,Al Holcomb,infobox+final staff box,https://en.wikipedia.org/wiki/2018_Arizona_Cardinals_season,1373366095,True,2026-10-05T16:29:19+00:00
2018,ATL,Dan Quinn,Steve Sarkisian,Marquand Manuel,Dan Quinn,Steve Sarkisian,Marquand Manuel,infobox+final staff box,https://en.wikipedia.org/wiki/2018_Atlanta_Falcons_season,1341319507,True,2026-10-05T16:29:19+00:00
2018,BAL,John Harbaugh,Marty Mornhinweg,Don Martindale,John Harbaugh,Marty Mornhinweg,Don Martindale,infobox,https://en.wikipedia.org/wiki/2018_Baltimore_Ravens_season,1353338262,True,2026-10-05T16:29:19+00:00
2018,BUF,Sean McDermott,Brian Daboll,Leslie Frazier,Sean McDermott,Brian Daboll,Leslie Frazier,infobox+final staff box,https://en.wikipedia.org/wiki/2018_Buffalo_Bills_season,1354500477,True,2026-10-05T16:29:19+00:00
2018,CAR,Ron Rivera,Norv Turner,Eric Washington,Ron Rivera,Norv Turner,Eric Washington,infobox+final staff box,https://en.wikipedia.org/wiki/2018_Carolina_Panthers_season,1374156324,True,2026-10-05T16:29:19+00:00
2018,CHI,Matt Nagy,Mark Helfrich,Vic Fangio,Matt Nagy,Mark Helfrich,Vic Fangio,infobox,https://en.wikipedia.org/wiki/2018_Chicago_Bears_season,1352400473,True,2026-10-05T16:29:19+00:00
2018,CIN,Marvin Lewis,Bill Lazor,Marvin Lewis,Marvin Lewis,Bill Lazor,Marvin Lewis,infobox+final staff box,https://en.wikipedia.org/wiki/2018_Cincinnati_Bengals_season,1345293265,True,2026-10-05T16:29:19+00:00
2018,CLE,Hue Jackson,Freddie Kitchens,Gregg Williams,Hue Jackson; Gregg Williams,Freddie Kitchens; Todd Haley,Gregg Williams; Blake Williams,infobox+final staff box,https://en.wikipedia.org/wiki/2018_Cleveland_Browns_season,1378335693,True,2026-10-05T16:29:19+00:00
2018,DAL,Jason Garrett,Scott Linehan,Rod Marinelli,Jason Garrett,Scott Linehan,Rod Marinelli,infobox,https://en.wikipedia.org/wiki/2018_Dallas_Cowboys_season,1377378967,True,2026-10-05T16:29:19+00:00
2018,DEN,Vance Joseph,Bill Musgrave,Joe Woods,Vance Joseph,Bill Musgrave,Joe Woods,infobox+final staff box,https://en.wikipedia.org/wiki/2018_Denver_Broncos_season,1345886593,True,2026-10-05T16:29:19+00:00
2018,DET,Matt Patricia,Jim Bob Cooter,Paul Pasqualoni,Matt Patricia,Jim Bob Cooter,Paul Pasqualoni,infobox+final staff box,https://en.wikipedia.org/wiki/2018_Detroit_Lions_season,1353565083,True,2026-10-05T16:29:19+00:00
2018,GB,Mike McCarthy,Joe Philbin,Mike Pettine,Mike McCarthy; Joe Philbin,Joe Philbin,Mike Pettine,infobox+final staff box,https://en.wikipedia.org/wiki/2018_Green_Bay_Packers_season,1366438796,True,2026-10-05T16:29:19+00:00
2018,HOU,Bill O'Brien,,Romeo Crennel,Bill O'Brien,,Romeo Crennel,infobox,https://en.wikipedia.org/wiki/2018_Houston_Texans_season,1372372288,True,2026-10-05T16:29:19+00:00
2018,IND,Frank Reich,Nick Sirianni,Matt Eberflus,Frank Reich,Nick Sirianni,Matt Eberflus,infobox,https://en.wikipedia.org/wiki/2018_Indianapolis_Colts_season,1374204745,True,2026-10-05T16:29:19+00:00
2018,JAX,Doug Marrone,Nathaniel Hackett,Todd Wash,Doug Marrone,Nathaniel Hackett,Todd Wash,infobox,https://en.wikipedia.org/wiki/2018_Jacksonville_Jaguars_season,1354936244,True,2026-10-05T16:29:19+00:00
2018,KC,Andy Reid,Eric Bieniemy,Bob Sutton,Andy Reid,Eric Bieniemy,Bob Sutton,infobox,https://en.wikipedia.org/wiki/2018_Kansas_City_Chiefs_season,1356559116,True,2026-10-05T16:29:19+00:00
2018,LA,Sean McVay,Sean McVay,Wade Phillips,Sean McVay,Sean McVay,Wade Phillips,infobox,https://en.wikipedia.org/wiki/2018_Los_Angeles_Rams_season,1373900643,True,2026-10-05T16:29:19+00:00
2018,LAC,Anthony Lynn,Ken Whisenhunt,Gus Bradley,Anthony Lynn,Ken Whisenhunt,Gus Bradley,infobox,https://en.wikipedia.org/wiki/2018_Los_Angeles_Chargers_season,1373596419,True,2026-10-05T16:29:19+00:00
2018,LV,Jon Gruden,Greg Olson,Paul Guenther,Jon Gruden,Greg Olson,Paul Guenther,infobox+final staff box,https://en.wikipedia.org/wiki/2018_Oakland_Raiders_season,1374265837,True,2026-10-05T16:29:19+00:00
2018,MIA,Adam Gase,Dowell Loggains,Matt Burke,Adam Gase,Dowell Loggains,Matt Burke,infobox+final staff box,https://en.wikipedia.org/wiki/2018_Miami_Dolphins_season,1341326711,True,2026-10-05T16:29:19+00:00
2018,MIN,Mike Zimmer,Kevin Stefanski,George Edwards,Mike Zimmer,Kevin Stefanski,George Edwards,infobox+final staff box,https://en.wikipedia.org/wiki/2018_Minnesota_Vikings_season,1370334121,True,2026-10-05T16:29:19+00:00
2018,NE,Bill Belichick,Josh McDaniels,,Bill Belichick,Josh McDaniels,,infobox+final staff box,https://en.wikipedia.org/wiki/2018_New_England_Patriots_season,1370797510,True,2026-10-05T16:29:19+00:00
2018,NO,Sean Payton,Pete Carmichael Jr.,Dennis Allen,Sean Payton,Pete Carmichael Jr.,Dennis Allen,infobox,https://en.wikipedia.org/wiki/2018_New_Orleans_Saints_season,1341201123,True,2026-10-05T16:29:19+00:00
2018,NYG,Pat Shurmur,Mike Shula,James Bettcher,Pat Shurmur,Mike Shula,James Bettcher,infobox+final staff box,https://en.wikipedia.org/wiki/2018_New_York_Giants_season,1358960066,True,2026-10-05T16:29:19+00:00
2018,NYJ,Todd Bowles,Jeremy Bates,Kacy Rodgers,Todd Bowles,Jeremy Bates,Kacy Rodgers,infobox+final staff box,https://en.wikipedia.org/wiki/2018_New_York_Jets_season,1341192497,True,2026-10-05T16:29:19+00:00
2018,PHI,Doug Pederson,Mike Groh,Jim Schwartz,Doug Pederson,Mike Groh,Jim Schwartz,infobox,https://en.wikipedia.org/wiki/2018_Philadelphia_Eagles_season,1376563773,True,2026-10-05T16:29:19+00:00
2018,PIT,Mike Tomlin,Randy Fichtner,Keith Butler,Mike Tomlin,Randy Fichtner,Keith Butler,infobox,https://en.wikipedia.org/wiki/2018_Pittsburgh_Steelers_season,1363851393,True,2026-10-05T16:29:19+00:00
2018,SEA,Pete Carroll,Brian Schottenheimer,Ken Norton Jr.,Pete Carroll,Brian Schottenheimer,Ken Norton Jr.,infobox,https://en.wikipedia.org/wiki/2018_Seattle_Seahawks_season,1378101452,True,2026-10-05T16:29:19+00:00
2018,SF,Kyle Shanahan,Kyle Shanahan,Robert Saleh,Kyle Shanahan,Kyle Shanahan,Robert Saleh,infobox,https://en.wikipedia.org/wiki/2018_San_Francisco_49ers_season,1378515741,True,2026-10-05T16:29:19+00:00
2018,TB,Dirk Koetter,Todd Monken,Mark Duffner,Dirk Koetter,Todd Monken,Mark Duffner,infobox+final staff box,https://en.wikipedia.org/wiki/2018_Tampa_Bay_Buccaneers_season,1341181208,True,2026-10-05T16:29:19+00:00
2018,TEN,Mike Vrabel,Matt LaFleur,Dean Pees,Mike Vrabel,Matt LaFleur,Dean Pees,infobox+final staff box,https://en.wikipedia.org/wiki/2018_Tennessee_Titans_season,1375586565,True,2026-10-05T16:29:19+00:00
2018,WAS,Jay Gruden,Matt Cavanaugh,Greg Manusky,Jay Gruden,Matt Cavanaugh,Greg Manusky,infobox,https://en.wikipedia.org/wiki/2018_Washington_Redskins_season,1352672038,True,2026-10-05T16:29:19+00:00
2019,ARI,Kliff Kingsbury,,Vance Joseph,Kliff Kingsbury,,Vance Joseph,infobox+final staff box,https://en.wikipedia.org/wiki/2019_Arizona_Cardinals_season,1373366118,True,2026-10-05T16:29:19+00:00
2019,ATL,Dan Quinn,Dirk Koetter,,Dan Quinn,Dirk Koetter,,infobox+final staff box,https://en.wikipedia.org/wiki/2019_Atlanta_Falcons_season,1360864044,True,2026-10-05T16:29:19+00:00
2019,BAL,John Harbaugh,Greg Roman,Don Martindale,John Harbaugh,Greg Roman,Don Martindale,infobox,https://en.wikipedia.org/wiki/2019_Baltimore_Ravens_season,1378519368,True,2026-10-05T16:29:19+00:00
2019,BUF,Sean McDermott,Brian Daboll,Leslie Frazier,Sean McDermott,Brian Daboll,Leslie Frazier,infobox,https://en.wikipedia.org/wiki/2019_Buffalo_Bills_season,1341139658,True,2026-10-05T16:29:19+00:00
2019,CAR,Ron Rivera,Scott Turner,Eric Washington,Ron Rivera; Perry Fewell,Scott Turner,Eric Washington,infobox+final staff box,https://en.wikipedia.org/wiki/2019_Carolina_Panthers_season,1356081581,True,2026-10-05T16:29:19+00:00
2019,CHI,Matt Nagy,Mark Helfrich,Chuck Pagano,Matt Nagy,Mark Helfrich,Chuck Pagano,infobox+final staff box,https://en.wikipedia.org/wiki/2019_Chicago_Bears_season,1376024631,True,2026-10-05T16:29:19+00:00
2019,CIN,Zac Taylor,Brian Callahan,Lou Anarumo,Zac Taylor,Brian Callahan,Lou Anarumo,infobox+final staff box,https://en.wikipedia.org/wiki/2019_Cincinnati_Bengals_season,1373710959,True,2026-10-05T16:29:19+00:00
2019,CLE,Freddie Kitchens,Todd Monken,Steve Wilks,Freddie Kitchens,Todd Monken,Steve Wilks,infobox+final staff box,https://en.wikipedia.org/wiki/2019_Cleveland_Browns_season,1374676543,True,2026-10-05T16:29:19+00:00
2019,DAL,Jason Garrett,Kellen Moore,Rod Marinelli,Jason Garrett,Kellen Moore,Rod Marinelli,infobox+final staff box,https://en.wikipedia.org/wiki/2019_Dallas_Cowboys_season,1356559195,True,2026-10-05T16:29:19+00:00
2019,DEN,Vic Fangio,Rich Scangarello,Ed Donatell,Vic Fangio,Rich Scangarello,Ed Donatell,infobox+final staff box,https://en.wikipedia.org/wiki/2019_Denver_Broncos_season,1374688406,True,2026-10-05T16:29:19+00:00
2019,DET,Matt Patricia,Darrell Bevell,Paul Pasqualoni,Matt Patricia,Darrell Bevell,Paul Pasqualoni,infobox+final staff box,https://en.wikipedia.org/wiki/2019_Detroit_Lions_season,1369028206,True,2026-10-05T16:29:19+00:00
2019,GB,Matt LaFleur,Nathaniel Hackett,Mike Pettine,Matt LaFleur,Nathaniel Hackett,Mike Pettine,infobox,https://en.wikipedia.org/wiki/2019_Green_Bay_Packers_season,1378105796,True,2026-10-05T16:29:19+00:00
2019,HOU,Bill O'Brien,Tim Kelly,Romeo Crennel,Bill O'Brien,Tim Kelly,Romeo Crennel,infobox,https://en.wikipedia.org/wiki/2019_Houston_Texans_season,1367179984,True,2026-10-05T16:29:19+00:00
2019,IND,Frank Reich,Nick Sirianni,Matt Eberflus,Frank Reich,Nick Sirianni,Matt Eberflus,infobox+final staff box,https://en.wikipedia.org/wiki/2019_Indianapolis_Colts_season,1374204767,True,2026-10-05T16:29:19+00:00
2019,JAX,Doug Marrone,John DeFilippo,Todd Wash,Doug Marrone,John DeFilippo,Todd Wash,infobox,https://en.wikipedia.org/wiki/2019_Jacksonville_Jaguars_season,1376743663,True,2026-10-05T16:29:19+00:00
2019,KC,Andy Reid,Eric Bieniemy,Steve Spagnuolo,Andy Reid,Eric Bieniemy,Steve Spagnuolo,infobox,https://en.wikipedia.org/wiki/2019_Kansas_City_Chiefs_season,1349221755,True,2026-10-05T16:29:19+00:00
2019,LA,Sean McVay,Sean McVay,Wade Phillips,Sean McVay,Sean McVay,Wade Phillips,infobox,https://en.wikipedia.org/wiki/2019_Los_Angeles_Rams_season,1356559182,True,2026-10-05T16:29:19+00:00
2019,LAC,Anthony Lynn,Shane Steichen,Gus Bradley,Anthony Lynn,Shane Steichen,Gus Bradley,infobox+final staff box,https://en.wikipedia.org/wiki/2019_Los_Angeles_Chargers_season,1367129156,True,2026-10-05T16:29:19+00:00
2019,LV,Jon Gruden,Greg Olson,Paul Guenther,Jon Gruden,Greg Olson,Paul Guenther,infobox+final staff box,https://en.wikipedia.org/wiki/2019_Oakland_Raiders_season,1371742014,True,2026-10-05T16:29:19+00:00
2019,MIA,Brian Flores,Chad O'Shea,Patrick Graham,Brian Flores,Chad O'Shea,Patrick Graham,infobox+final staff box,https://en.wikipedia.org/wiki/2019_Miami_Dolphins_season,1354764220,True,2026-10-05T16:29:19+00:00
2019,MIN,Mike Zimmer,Kevin Stefanski,George Edwards,Mike Zimmer,Kevin Stefanski,George Edwards,infobox,https://en.wikipedia.org/wiki/2019_Minnesota_Vikings_season,1376023988,True,2026-10-05T16:29:19+00:00
2019,NE,Bill Belichick,Josh McDaniels,Greg Schiano,Bill Belichick,Josh McDaniels,Greg Schiano,infobox+final staff box,https://en.wikipedia.org/wiki/2019_New_England_Patriots_season,1374820957,True,2026-10-05T16:29:19+00:00
2019,NO,Sean Payton,Pete Carmichael Jr.,Dennis Allen,Sean Payton,Pete Carmichael Jr.,Dennis Allen,infobox,https://en.wikipedia.org/wiki/2019_New_Orleans_Saints_season,1341201159,True,2026-10-05T16:29:19+00:00
2019,NYG,Pat Shurmur,Mike Shula,James Bettcher,Pat Shurmur,Mike Shula,James Bettcher,infobox+final staff box,https://en.wikipedia.org/wiki/2019_New_York_Giants_season,1366248996,True,2026-10-05T16:29:19+00:00
2019,NYJ,Adam Gase,Dowell Loggains,Gregg Williams,Adam Gase,Dowell Loggains,Gregg Williams,infobox+final staff box,https://en.wikipedia.org/wiki/2019_New_York_Jets_season,1352263657,True,2026-10-05T16:29:19+00:00
2019,PHI,Doug Pederson,Mike Groh,Jim Schwartz,Doug Pederson,Mike Groh,Jim Schwartz,infobox,https://en.wikipedia.org/wiki/2019_Philadelphia_Eagles_season,1352265606,True,2026-10-05T16:29:19+00:00
2019,PIT,Mike Tomlin,Randy Fichtner,Keith Butler,Mike Tomlin,Randy Fichtner,Keith Butler,infobox,https://en.wikipedia.org/wiki/2019_Pittsburgh_Steelers_season,1352264467,True,2026-10-05T16:29:19+00:00
2019,SEA,Pete Carroll,Brian Schottenheimer,Ken Norton Jr.,Pete Carroll,Brian Schottenheimer,Ken Norton Jr.,infobox,https://en.wikipedia.org/wiki/2019_Seattle_Seahawks_season,1377157750,True,2026-10-05T16:29:19+00:00
2019,SF,Kyle Shanahan,Kyle Shanahan,Robert Saleh,Kyle Shanahan,Kyle Shanahan,Robert Saleh,infobox,https://en.wikipedia.org/wiki/2019_San_Francisco_49ers_season,1359212197,True,2026-10-05T16:29:19+00:00
2019,TB,Bruce Arians,Byron Leftwich,Todd Bowles,Bruce Arians,Byron Leftwich,Todd Bowles,infobox+final staff box,https://en.wikipedia.org/wiki/2019_Tampa_Bay_Buccaneers_season,1360946482,True,2026-10-05T16:29:19+00:00
2019,TEN,Mike Vrabel,Arthur Smith,Dean Pees,Mike Vrabel,Arthur Smith,Dean Pees,infobox,https://en.wikipedia.org/wiki/2019_Tennessee_Titans_season,1352264940,True,2026-10-05T16:29:19+00:00
2019,WAS,Jay Gruden,Kevin O'Connell,Greg Manusky,Jay Gruden; Bill Callahan,Kevin O'Connell,Greg Manusky,infobox,https://en.wikipedia.org/wiki/2019_Washington_Redskins_season,1375135002,True,2026-10-05T16:29:19+00:00
2020,ARI,Kliff Kingsbury,,Vance Joseph,Kliff Kingsbury,,Vance Joseph,infobox+final staff box,https://en.wikipedia.org/wiki/2020_Arizona_Cardinals_season,1378478438,True,2026-10-05T16:29:19+00:00
2020,ATL,Dan Quinn,Dirk Koetter,Raheem Morris,Dan Quinn; Raheem Morris,Dirk Koetter,Raheem Morris,infobox+final staff box,https://en.wikipedia.org/wiki/2020_Atlanta_Falcons_season,1367139851,True,2026-10-05T16:29:19+00:00
2020,BAL,John Harbaugh,Greg Roman,Don Martindale,John Harbaugh,Greg Roman,Don Martindale,infobox,https://en.wikipedia.org/wiki/2020_Baltimore_Ravens_season,1370818865,True,2026-10-05T16:29:19+00:00
2020,BUF,Sean McDermott,Brian Daboll,Leslie Frazier,Sean McDermott,Brian Daboll,Leslie Frazier,infobox,https://en.wikipedia.org/wiki/2020_Buffalo_Bills_season,1356559120,True,2026-10-05T16:29:19+00:00
2020,CAR,Matt Rhule,Joe Brady,Phil Snow,Matt Rhule,Joe Brady,Phil Snow,infobox+final staff box,https://en.wikipedia.org/wiki/2020_Carolina_Panthers_season,1371268674,True,2026-10-05T16:29:19+00:00
2020,CHI,Matt Nagy,Bill Lazor,Chuck Pagano,Matt Nagy,Bill Lazor,Chuck Pagano,infobox,https://en.wikipedia.org/wiki/2020_Chicago_Bears_season,1375458591,True,2026-10-05T16:29:19+00:00
2020,CIN,Zac Taylor,Brian Callahan,Lou Anarumo,Zac Taylor,Brian Callahan,Lou Anarumo,infobox+final staff box,https://en.wikipedia.org/wiki/2020_Cincinnati_Bengals_season,1341234267,True,2026-10-05T16:29:19+00:00
2020,CLE,Kevin Stefanski,Alex Van Pelt,Joe Woods,Kevin Stefanski; Mike Priefer; COVID-19,Alex Van Pelt,Joe Woods,infobox,https://en.wikipedia.org/wiki/2020_Cleveland_Browns_season,1372445687,True,2026-10-05T16:29:19+00:00
2020,DAL,Mike McCarthy,Kellen Moore,Mike Nolan,Mike McCarthy,Kellen Moore,Mike Nolan,infobox,https://en.wikipedia.org/wiki/2020_Dallas_Cowboys_season,1341387215,True,2026-10-05T16:29:19+00:00
2020,DEN,Vic Fangio,Pat Shurmur,Ed Donatell,Vic Fangio,Pat Shurmur,Ed Donatell,infobox+final staff box,https://en.wikipedia.org/wiki/2020_Denver_Broncos_season,1352496365,True,2026-10-05T16:29:19+00:00
2020,DET,Matt Patricia,Darrell Bevell,Cory Undlin,Matt Patricia; Darrell Bevell; Robert Prince,Darrell Bevell,Cory Undlin,infobox+final staff box,https://en.wikipedia.org/wiki/2020_Detroit_Lions_season,1375475037,True,2026-10-05T16:29:19+00:00
2020,GB,Matt LaFleur,Nathaniel Hackett,Mike Pettine,Matt LaFleur,Nathaniel Hackett,Mike Pettine,infobox,https://en.wikipedia.org/wiki/2020_Green_Bay_Packers_season,1341146326,True,2026-10-05T16:29:19+00:00
2020,HOU,Bill O'Brien,Tim Kelly,Anthony Weaver,Bill O'Brien; Romeo Crennel,Tim Kelly,Anthony Weaver,infobox,https://en.wikipedia.org/wiki/2020_Houston_Texans_season,1364095374,True,2026-10-05T16:29:19+00:00
2020,IND,Frank Reich,Nick Sirianni,Matt Eberflus,Frank Reich,Nick Sirianni,Matt Eberflus,infobox,https://en.wikipedia.org/wiki/2020_Indianapolis_Colts_season,1358285564,True,2026-10-05T16:29:19+00:00
2020,JAX,Doug Marrone,Jay Gruden,Todd Wash,Doug Marrone,Jay Gruden,Todd Wash,infobox,https://en.wikipedia.org/wiki/2020_Jacksonville_Jaguars_season,1361246982,True,2026-10-05T16:29:19+00:00
2020,KC,Andy Reid,Eric Bieniemy,Steve Spagnuolo,Andy Reid,Eric Bieniemy,Steve Spagnuolo,infobox,https://en.wikipedia.org/wiki/2020_Kansas_City_Chiefs_season,1356559102,True,2026-10-05T16:29:19+00:00
2020,LA,Sean McVay,Kevin O'Connell,Brandon Staley,Sean McVay,Kevin O'Connell,Brandon Staley,infobox,https://en.wikipedia.org/wiki/2020_Los_Angeles_Rams_season,1364038267,True,2026-10-05T16:29:19+00:00
2020,LAC,Anthony Lynn,Shane Steichen,Gus Bradley,Anthony Lynn,Shane Steichen,Gus Bradley,infobox+final staff box,https://en.wikipedia.org/wiki/2020_Los_Angeles_Chargers_season,1377916717,True,2026-10-05T16:29:19+00:00
2020,LV,Jon Gruden,Greg Olson,Rod Marinelli,Jon Gruden,Greg Olson,Rod Marinelli,infobox+final staff box,https://en.wikipedia.org/wiki/2020_Las_Vegas_Raiders_season,1352496381,True,2026-10-05T16:29:19+00:00
2020,MIA,Brian Flores,Chan Gailey,Josh Boyer,Brian Flores,Chan Gailey,Josh Boyer,infobox+final staff box,https://en.wikipedia.org/wiki/2020_Miami_Dolphins_season,1369940723,True,2026-10-05T16:29:19+00:00
2020,MIN,Mike Zimmer,,Andre Patterson,Mike Zimmer,,Andre Patterson; Adam Zimmer,infobox+final staff box,https://en.wikipedia.org/wiki/2020_Minnesota_Vikings_season,1346082765,True,2026-10-05T16:29:19+00:00
2020,NE,Bill Belichick,Josh McDaniels,,Bill Belichick,Josh McDaniels,,infobox+final staff box,https://en.wikipedia.org/wiki/2020_New_England_Patriots_season,1375905894,True,2026-10-05T16:29:19+00:00
2020,NO,Sean Payton,Pete Carmichael Jr.,Dennis Allen,Sean Payton,Pete Carmichael Jr.,Dennis Allen,infobox,https://en.wikipedia.org/wiki/2020_New_Orleans_Saints_season,1371812206,True,2026-10-05T16:29:19+00:00
2020,NYG,Joe Judge,Jason Garrett,,Joe Judge,Jason Garrett,,infobox+final staff box,https://en.wikipedia.org/wiki/2020_New_York_Giants_season,1354180766,True,2026-10-05T16:29:19+00:00
2020,NYJ,Adam Gase,Dowell Loggains,,Adam Gase,Dowell Loggains,,infobox+final staff box,https://en.wikipedia.org/wiki/2020_New_York_Jets_season,1353253309,True,2026-10-05T16:29:19+00:00
2020,PHI,Doug Pederson,,Jim Schwartz,Doug Pederson,,Jim Schwartz,infobox+final staff box,https://en.wikipedia.org/wiki/2020_Philadelphia_Eagles_season,1374777841,True,2026-10-05T16:29:19+00:00
2020,PIT,Mike Tomlin,Randy Fichtner,Keith Butler,Mike Tomlin,Randy Fichtner,Keith Butler,infobox,https://en.wikipedia.org/wiki/2020_Pittsburgh_Steelers_season,1344966025,True,2026-10-05T16:29:19+00:00
2020,SEA,Pete Carroll,Brian Schottenheimer,Ken Norton Jr.,Pete Carroll,Brian Schottenheimer,Ken Norton Jr.,infobox,https://en.wikipedia.org/wiki/2020_Seattle_Seahawks_season,1377157055,True,2026-10-05T16:29:19+00:00
2020,SF,Kyle Shanahan,Kyle Shanahan,Robert Saleh,Kyle Shanahan,Kyle Shanahan,Robert Saleh,infobox,https://en.wikipedia.org/wiki/2020_San_Francisco_49ers_season,1373214578,True,2026-10-05T16:29:19+00:00
2020,TB,Bruce Arians,Byron Leftwich,Todd Bowles,Bruce Arians,Byron Leftwich,Todd Bowles,infobox,https://en.wikipedia.org/wiki/2020_Tampa_Bay_Buccaneers_season,1377127409,True,2026-10-05T16:29:19+00:00
2020,TEN,Mike Vrabel,Arthur Smith,,Mike Vrabel,Arthur Smith,,infobox+final staff box,https://en.wikipedia.org/wiki/2020_Tennessee_Titans_season,1356559141,True,2026-10-05T16:29:19+00:00
2020,WAS,Ron Rivera,Scott Turner,Jack Del Rio,Ron Rivera,Scott Turner,Jack Del Rio,infobox,https://en.wikipedia.org/wiki/2020_Washington_Football_Team_season,1371508100,True,2026-10-05T16:29:19+00:00
2021,ARI,Kliff Kingsbury,,Vance Joseph,Kliff Kingsbury; Vance Joseph; Jeff Rodgers; COVID-19,,Vance Joseph,infobox+final staff box,https://en.wikipedia.org/wiki/2021_Arizona_Cardinals_season,1378610400,True,2026-10-05T16:29:19+00:00
2021,ATL,Arthur Smith,Dave Ragone,Dean Pees,Arthur Smith,Dave Ragone,Dean Pees,infobox+final staff box,https://en.wikipedia.org/wiki/2021_Atlanta_Falcons_season,1364509839,True,2026-10-05T16:29:19+00:00
2021,BAL,John Harbaugh,Greg Roman,Don Martindale,John Harbaugh,Greg Roman,Don Martindale,infobox,https://en.wikipedia.org/wiki/2021_Baltimore_Ravens_season,1376813081,True,2026-10-05T16:29:19+00:00
2021,BUF,Sean McDermott,Brian Daboll,Leslie Frazier,Sean McDermott,Brian Daboll,Leslie Frazier,infobox,https://en.wikipedia.org/wiki/2021_Buffalo_Bills_season,1352405157,True,2026-10-05T16:29:19+00:00
2021,CAR,Matt Rhule,Joe Brady,Phil Snow,Matt Rhule,Joe Brady,Phil Snow,infobox+final staff box,https://en.wikipedia.org/wiki/2021_Carolina_Panthers_season,1341321682,True,2026-10-05T16:29:19+00:00
2021,CHI,Matt Nagy,Bill Lazor,Sean Desai,Matt Nagy; Chris Tabor; COVID-19,Bill Lazor,Sean Desai,infobox+final staff box,https://en.wikipedia.org/wiki/2021_Chicago_Bears_season,1367291623,True,2026-10-05T16:29:19+00:00
2021,CIN,Zac Taylor,Brian Callahan,Lou Anarumo,Zac Taylor,Brian Callahan,Lou Anarumo,infobox,https://en.wikipedia.org/wiki/2021_Cincinnati_Bengals_season,1368469243,True,2026-10-05T16:29:19+00:00
2021,CLE,Kevin Stefanski,Alex Van Pelt,Joe Woods,Kevin Stefanski,Alex Van Pelt,Joe Woods,infobox+final staff box,https://en.wikipedia.org/wiki/2021_Cleveland_Browns_season,1367281094,True,2026-10-05T16:29:19+00:00
2021,DAL,Mike McCarthy,Kellen Moore,Dan Quinn,Mike McCarthy,Kellen Moore,Dan Quinn,infobox,https://en.wikipedia.org/wiki/2021_Dallas_Cowboys_season,1376807366,True,2026-10-05T16:29:19+00:00
2021,DEN,Vic Fangio,Pat Shurmur,Ed Donatell,Vic Fangio,Pat Shurmur,Ed Donatell,infobox+final staff box,https://en.wikipedia.org/wiki/2021_Denver_Broncos_season,1364434615,True,2026-10-05T16:29:19+00:00
2021,DET,Dan Campbell,Anthony Lynn,Aaron Glenn,Dan Campbell,Anthony Lynn; Aaron Glenn; 2021 season; Detroit Lions; National Football League; Ford Field; head coach; Dan Campbell; Brad Holmes; previous season; Pittsburgh Steelers; 1955; Minnesota Vikings; Arizona Cardinals; Green Bay Packers; 2009; 2008; Matthew Stafford; Los Angeles Rams; Jared Goff; Super Bowl; Super Bowl LVI; later that postseason; Don Muhlbach; Cincinnati Bengals; Las Vegas Raiders; 1991 season; 2025 season; Aaron Glenn; Dan Campbell; Anthony Lynn; Aubrey Pleasant; Duce Staley; Dave Fipp; Mark Brunell; Dom Capers; Todd Wash; Kelvin Sheppard; Seth Ryan; Antwaan Randle El,Aaron Glenn,infobox+final staff box,https://en.wikipedia.org/wiki/2021_Detroit_Lions_season,1375924674,True,2026-10-05T16:29:19+00:00
2021,GB,Matt LaFleur,Nathaniel Hackett,Joe Barry,Matt LaFleur,Nathaniel Hackett,Joe Barry,infobox,https://en.wikipedia.org/wiki/2021_Green_Bay_Packers_season,1364504102,True,2026-10-05T16:29:19+00:00
2021,HOU,David Culley,Tim Kelly,Lovie Smith,David Culley,Tim Kelly,Lovie Smith,infobox,https://en.wikipedia.org/wiki/2021_Houston_Texans_season,1341147091,True,2026-10-05T16:29:19+00:00
2021,IND,Frank Reich,Marcus Brady,Matt Eberflus,Frank Reich,Marcus Brady,Matt Eberflus,infobox+final staff box,https://en.wikipedia.org/wiki/2021_Indianapolis_Colts_season,1375903181,True,2026-10-05T16:29:19+00:00
2021,JAX,Urban Meyer,Brian Schottenheimer,Joe Cullen,Urban Meyer; Darrell Bevell,Brian Schottenheimer,Joe Cullen,infobox,https://en.wikipedia.org/wiki/2021_Jacksonville_Jaguars_season,1377686986,True,2026-10-05T16:29:19+00:00
2021,KC,Andy Reid,Eric Bieniemy,Steve Spagnuolo,Andy Reid,Eric Bieniemy,Steve Spagnuolo,infobox,https://en.wikipedia.org/wiki/2021_Kansas_City_Chiefs_season,1364396335,True,2026-10-05T16:29:19+00:00
2021,LA,Sean McVay,Kevin O'Connell,Raheem Morris,Sean McVay,Kevin O'Connell,Raheem Morris,infobox,https://en.wikipedia.org/wiki/2021_Los_Angeles_Rams_season,1367335844,True,2026-10-05T16:29:19+00:00
2021,LAC,Brandon Staley,Joe Lombardi,Renaldo Hill,Brandon Staley,Joe Lombardi,Renaldo Hill,infobox+final staff box,https://en.wikipedia.org/wiki/2021_Los_Angeles_Chargers_season,1375992279,True,2026-10-05T16:29:19+00:00
2021,LV,Jon Gruden,Greg Olson,Gus Bradley,Jon Gruden; Rich Bisaccia,Greg Olson,Gus Bradley,infobox,https://en.wikipedia.org/wiki/2021_Las_Vegas_Raiders_season,1375987639,True,2026-10-05T16:29:19+00:00
2021,MIA,Brian Flores,Eric Studesville,Josh Boyer,Brian Flores,Eric Studesville; George Godsey,Josh Boyer,infobox+final staff box,https://en.wikipedia.org/wiki/2021_Miami_Dolphins_season,1354765223,True,2026-10-05T16:29:19+00:00
2021,MIN,Mike Zimmer,Klint Kubiak,Adam Zimmer,Mike Zimmer,Klint Kubiak,Adam Zimmer,infobox+final staff box,https://en.wikipedia.org/wiki/2021_Minnesota_Vikings_season,1376001431,True,2026-10-05T16:29:19+00:00
2021,NE,Bill Belichick,Josh McDaniels,,Bill Belichick,Josh McDaniels,,infobox+final staff box,https://en.wikipedia.org/wiki/2021_New_England_Patriots_season,1364394546,True,2026-10-05T16:29:19+00:00
2021,NO,Sean Payton,Pete Carmichael Jr.,Dennis Allen,Sean Payton,Pete Carmichael Jr.,Dennis Allen,infobox,https://en.wikipedia.org/wiki/2021_New_Orleans_Saints_season,1378194976,True,2026-10-05T16:29:19+00:00
2021,NYG,Joe Judge,Jason Garrett,,Joe Judge,Jason Garrett,,infobox+final staff box,https://en.wikipedia.org/wiki/2021_New_York_Giants_season,1371910355,True,2026-10-05T16:29:19+00:00
2021,NYJ,Robert Saleh,Mike LaFleur,Jeff Ulbrich,Robert Saleh,Mike LaFleur,Jeff Ulbrich,infobox+final staff box,https://en.wikipedia.org/wiki/2021_New_York_Jets_season,1364394742,True,2026-10-05T16:29:19+00:00
2021,PHI,Nick Sirianni,Shane Steichen,Jonathan Gannon,Nick Sirianni,Shane Steichen,Jonathan Gannon,infobox,https://en.wikipedia.org/wiki/2021_Philadelphia_Eagles_season,1376761352,True,2026-10-05T16:29:19+00:00
2021,PIT,Mike Tomlin,Matt Canada,Keith Butler,Mike Tomlin,Matt Canada,Keith Butler,infobox,https://en.wikipedia.org/wiki/2021_Pittsburgh_Steelers_season,1378194343,True,2026-10-05T16:29:19+00:00
2021,SEA,Pete Carroll,Shane Waldron,Ken Norton Jr.,Pete Carroll,Shane Waldron,Ken Norton Jr.,infobox+final staff box,https://en.wikipedia.org/wiki/2021_Seattle_Seahawks_season,1377156752,True,2026-10-05T16:29:19+00:00
2021,SF,Kyle Shanahan,Mike McDaniel,DeMeco Ryans,Kyle Shanahan,Mike McDaniel,DeMeco Ryans,infobox,https://en.wikipedia.org/wiki/2021_San_Francisco_49ers_season,1356255158,True,2026-10-05T16:29:19+00:00
2021,TB,Bruce Arians,Byron Leftwich,Todd Bowles,Bruce Arians,Byron Leftwich,Todd Bowles,infobox+final staff box,https://en.wikipedia.org/wiki/2021_Tampa_Bay_Buccaneers_season,1373195749,True,2026-10-05T16:29:19+00:00
2021,TEN,Mike Vrabel,Todd Downing,Shane Bowen,Mike Vrabel,Todd Downing,Shane Bowen,infobox,https://en.wikipedia.org/wiki/2021_Tennessee_Titans_season,1376175501,True,2026-10-05T16:29:19+00:00
2021,WAS,Ron Rivera,Scott Turner,Jack Del Rio,Ron Rivera,Scott Turner,Jack Del Rio,infobox,https://en.wikipedia.org/wiki/2021_Washington_Football_Team_season,1364504887,True,2026-10-05T16:29:19+00:00
2022,ARI,Kliff Kingsbury,,Vance Joseph,Kliff Kingsbury,,Vance Joseph,infobox+final staff box,https://en.wikipedia.org/wiki/2022_Arizona_Cardinals_season,1373365776,True,2026-10-05T16:29:19+00:00
2022,ATL,Arthur Smith,Dave Ragone,Dean Pees,Arthur Smith,Dave Ragone,Dean Pees,infobox+final staff box,https://en.wikipedia.org/wiki/2022_Atlanta_Falcons_season,1364512343,True,2026-10-05T16:29:19+00:00
2022,BAL,John Harbaugh,Greg Roman,Mike Macdonald,John Harbaugh,Greg Roman,Mike Macdonald,infobox,https://en.wikipedia.org/wiki/2022_Baltimore_Ravens_season,1368526209,True,2026-10-05T16:29:19+00:00
2022,BUF,Sean McDermott,Ken Dorsey,Leslie Frazier,Sean McDermott,Ken Dorsey,Leslie Frazier,infobox,https://en.wikipedia.org/wiki/2022_Buffalo_Bills_season,1360188387,True,2026-10-05T16:29:19+00:00
2022,CAR,Matt Rhule,Ben McAdoo,Al Holcomb,Matt Rhule; Steve Wilks,Ben McAdoo,Al Holcomb,infobox+final staff box,https://en.wikipedia.org/wiki/2022_Carolina_Panthers_season,1341321701,True,2026-10-05T16:29:19+00:00
2022,CHI,Matt Eberflus,Luke Getsy,Alan Williams,Matt Eberflus,Luke Getsy,Alan Williams,infobox+final staff box,https://en.wikipedia.org/wiki/2022_Chicago_Bears_season,1376417715,True,2026-10-05T16:29:19+00:00
2022,CIN,Zac Taylor,Brian Callahan,Lou Anarumo,Zac Taylor,Brian Callahan,Lou Anarumo,infobox,https://en.wikipedia.org/wiki/2022_Cincinnati_Bengals_season,1368470035,True,2026-10-05T16:29:19+00:00
2022,CLE,Kevin Stefanski,Alex Van Pelt,Joe Woods,Kevin Stefanski,Alex Van Pelt,Joe Woods,infobox+final staff box,https://en.wikipedia.org/wiki/2022_Cleveland_Browns_season,1366414076,True,2026-10-05T16:29:19+00:00
2022,DAL,Mike McCarthy,Kellen Moore,Dan Quinn,Mike McCarthy,Kellen Moore,Dan Quinn,infobox,https://en.wikipedia.org/wiki/2022_Dallas_Cowboys_season,1367281236,True,2026-10-05T16:29:19+00:00
2022,DEN,Nathaniel Hackett,Justin Outten,Ejiro Evero,Nathaniel Hackett; Jerry Rosburg,Justin Outten,Ejiro Evero,infobox+final staff box,https://en.wikipedia.org/wiki/2022_Denver_Broncos_season,1372214524,True,2026-10-05T16:29:19+00:00
2022,DET,Dan Campbell,Ben Johnson,Aaron Glenn,Dan Campbell,Ben Johnson,Aaron Glenn,infobox+final staff box,https://en.wikipedia.org/wiki/2022_Detroit_Lions_season,1364513033,True,2026-10-05T16:29:19+00:00
2022,GB,Matt LaFleur,Adam Stenavich,Joe Barry,Matt LaFleur,Adam Stenavich,Joe Barry,infobox+final staff box,https://en.wikipedia.org/wiki/2022_Green_Bay_Packers_season,1371546989,True,2026-10-05T16:29:19+00:00
2022,HOU,Lovie Smith,Pep Hamilton,,Lovie Smith,Pep Hamilton,,infobox+final staff box,https://en.wikipedia.org/wiki/2022_Houston_Texans_season,1374963016,True,2026-10-05T16:29:19+00:00
2022,IND,Frank Reich,Parks Frazier,Gus Bradley,Frank Reich; Jeff Saturday,Parks Frazier,Gus Bradley,infobox+final staff box,https://en.wikipedia.org/wiki/2022_Indianapolis_Colts_season,1373775128,True,2026-10-05T16:29:19+00:00
2022,JAX,Doug Pederson,Press Taylor,Mike Caldwell,Doug Pederson,Press Taylor,Mike Caldwell,infobox,https://en.wikipedia.org/wiki/2022_Jacksonville_Jaguars_season,1366414815,True,2026-10-05T16:29:19+00:00
2022,KC,Andy Reid,Eric Bieniemy,Steve Spagnuolo,Andy Reid,Eric Bieniemy,Steve Spagnuolo,infobox,https://en.wikipedia.org/wiki/2022_Kansas_City_Chiefs_season,1366415517,True,2026-10-05T16:29:19+00:00
2022,LA,Sean McVay,Liam Coen,Raheem Morris,Sean McVay,Liam Coen,Raheem Morris,infobox,https://en.wikipedia.org/wiki/2022_Los_Angeles_Rams_season,1364511229,True,2026-10-05T16:29:19+00:00
2022,LAC,Brandon Staley,Joe Lombardi,Renaldo Hill,Brandon Staley,Joe Lombardi,Renaldo Hill,infobox,https://en.wikipedia.org/wiki/2022_Los_Angeles_Chargers_season,1376525027,True,2026-10-05T16:29:19+00:00
2022,LV,Josh McDaniels,Mick Lombardi,Patrick Graham,Josh McDaniels,Mick Lombardi,Patrick Graham,infobox+final staff box,https://en.wikipedia.org/wiki/2022_Las_Vegas_Raiders_season,1360384637,True,2026-10-05T16:29:19+00:00
2022,MIA,Mike McDaniel,Frank Smith,Vic Fangio,Mike McDaniel,Frank Smith,Vic Fangio,infobox,https://en.wikipedia.org/wiki/2022_Miami_Dolphins_season,1352405666,True,2026-10-05T16:29:19+00:00
2022,MIN,Kevin O'Connell,Wes Phillips,Ed Donatell,Kevin O'Connell,Wes Phillips,Ed Donatell,infobox,https://en.wikipedia.org/wiki/2022_Minnesota_Vikings_season,1371271251,True,2026-10-05T16:29:19+00:00
2022,NE,Bill Belichick,,,Bill Belichick,,,infobox,https://en.wikipedia.org/wiki/2022_New_England_Patriots_season,1376571792,True,2026-10-05T16:29:19+00:00
2022,NO,Dennis Allen,Pete Carmichael Jr.,Ryan Nielsen,Dennis Allen,Pete Carmichael Jr.,Ryan Nielsen; Kris Richard,infobox,https://en.wikipedia.org/wiki/2022_New_Orleans_Saints_season,1358667182,True,2026-10-05T16:29:19+00:00
2022,NYG,Brian Daboll,Mike Kafka,Don Martindale,Brian Daboll,Mike Kafka,Don Martindale,infobox,https://en.wikipedia.org/wiki/2022_New_York_Giants_season,1369438366,True,2026-10-05T16:29:19+00:00
2022,NYJ,Robert Saleh,Mike LaFleur,Jeff Ulbrich,Robert Saleh,Mike LaFleur,Jeff Ulbrich,infobox+final staff box,https://en.wikipedia.org/wiki/2022_New_York_Jets_season,1368657113,True,2026-10-05T16:29:19+00:00
2022,PHI,Nick Sirianni,Shane Steichen,Jonathan Gannon,Nick Sirianni,Shane Steichen,Jonathan Gannon,infobox,https://en.wikipedia.org/wiki/2022_Philadelphia_Eagles_season,1376076088,True,2026-10-05T16:29:19+00:00
2022,PIT,Mike Tomlin,Matt Canada,Teryl Austin,Mike Tomlin,Matt Canada,Teryl Austin,infobox,https://en.wikipedia.org/wiki/2022_Pittsburgh_Steelers_season,1366414238,True,2026-10-05T16:29:19+00:00
2022,SEA,Pete Carroll,Shane Waldron,Clint Hurtt,Pete Carroll,Shane Waldron,Clint Hurtt,infobox,https://en.wikipedia.org/wiki/2022_Seattle_Seahawks_season,1377156391,True,2026-10-05T16:29:19+00:00
2022,SF,Kyle Shanahan,Kyle Shanahan,DeMeco Ryans,Kyle Shanahan,Kyle Shanahan,DeMeco Ryans,infobox,https://en.wikipedia.org/wiki/2022_San_Francisco_49ers_season,1343498364,True,2026-10-05T16:29:19+00:00
2022,TB,Todd Bowles,Byron Leftwich,,Todd Bowles,Byron Leftwich,,infobox+final staff box,https://en.wikipedia.org/wiki/2022_Tampa_Bay_Buccaneers_season,1377808338,True,2026-10-05T16:29:19+00:00
2022,TEN,Mike Vrabel,Todd Downing,Shane Bowen,Mike Vrabel,Todd Downing,Shane Bowen,infobox+final staff box,https://en.wikipedia.org/wiki/2022_Tennessee_Titans_season,1371104351,True,2026-10-05T16:29:19+00:00
2022,WAS,Ron Rivera,Scott Turner,Jack Del Rio,Ron Rivera,Scott Turner,Jack Del Rio,infobox,https://en.wikipedia.org/wiki/2022_Washington_Commanders_season,1366377795,True,2026-10-05T16:29:19+00:00
2023,ARI,Jonathan Gannon,Drew Petzing,Nick Rallis,Jonathan Gannon,Drew Petzing,Nick Rallis,infobox+final staff box,https://en.wikipedia.org/wiki/2023_Arizona_Cardinals_season,1350649312,True,2026-10-05T16:29:19+00:00
2023,ATL,Arthur Smith,Dave Ragone,Ryan Nielsen,Arthur Smith,Dave Ragone,Ryan Nielsen,infobox+final staff box,https://en.wikipedia.org/wiki/2023_Atlanta_Falcons_season,1364511781,True,2026-10-05T16:29:19+00:00
2023,BAL,John Harbaugh,Todd Monken,Mike Macdonald,John Harbaugh,Todd Monken,Mike Macdonald,infobox,https://en.wikipedia.org/wiki/2023_Baltimore_Ravens_season,1376760180,True,2026-10-05T16:29:19+00:00
2023,BUF,Sean McDermott,Ken Dorsey,,Sean McDermott,Ken Dorsey; Joe Brady,,infobox+final staff box,https://en.wikipedia.org/wiki/2023_Buffalo_Bills_season,1377003183,True,2026-10-05T16:29:19+00:00
2023,CAR,Frank Reich,Thomas Brown,Ejiro Evero,Frank Reich; Chris Tabor,Thomas Brown,Ejiro Evero,infobox+final staff box,https://en.wikipedia.org/wiki/2023_Carolina_Panthers_season,1377015700,True,2026-10-05T16:29:19+00:00
2023,CHI,Matt Eberflus,Luke Getsy,Alan Williams,Matt Eberflus,Luke Getsy,Alan Williams,infobox+final staff box,https://en.wikipedia.org/wiki/2023_Chicago_Bears_season,1366457848,True,2026-10-05T16:29:19+00:00
2023,CIN,Zac Taylor,Brian Callahan,Lou Anarumo,Zac Taylor,Brian Callahan,Lou Anarumo,infobox+final staff box,https://en.wikipedia.org/wiki/2023_Cincinnati_Bengals_season,1366391290,True,2026-10-05T16:29:19+00:00
2023,CLE,Kevin Stefanski,Alex Van Pelt,Jim Schwartz,Kevin Stefanski,Alex Van Pelt,Jim Schwartz,infobox,https://en.wikipedia.org/wiki/2023_Cleveland_Browns_season,1377024364,True,2026-10-05T16:29:19+00:00
2023,DAL,Mike McCarthy,Brian Schottenheimer,Dan Quinn,Mike McCarthy,Brian Schottenheimer,Dan Quinn,infobox,https://en.wikipedia.org/wiki/2023_Dallas_Cowboys_season,1378242020,True,2026-10-05T16:29:19+00:00
2023,DEN,Sean Payton,Joe Lombardi,Vance Joseph,Sean Payton,Joe Lombardi,Vance Joseph,infobox,https://en.wikipedia.org/wiki/2023_Denver_Broncos_season,1377367299,True,2026-10-05T16:29:19+00:00
2023,DET,Dan Campbell,Ben Johnson,Aaron Glenn,Dan Campbell,Ben Johnson,Aaron Glenn,infobox,https://en.wikipedia.org/wiki/2023_Detroit_Lions_season,1378241621,True,2026-10-05T16:29:19+00:00
2023,GB,Matt LaFleur,Adam Stenavich,Joe Barry,Matt LaFleur,Adam Stenavich,Joe Barry,infobox,https://en.wikipedia.org/wiki/2023_Green_Bay_Packers_season,1369131150,True,2026-10-05T16:29:19+00:00
2023,HOU,DeMeco Ryans,Bobby Slowik,Matt Burke,DeMeco Ryans,Bobby Slowik,Matt Burke,infobox,https://en.wikipedia.org/wiki/2023_Houston_Texans_season,1341147126,True,2026-10-05T16:29:19+00:00
2023,IND,Shane Steichen,Jim Bob Cooter,Gus Bradley,Shane Steichen,Jim Bob Cooter,Gus Bradley,infobox+final staff box,https://en.wikipedia.org/wiki/2023_Indianapolis_Colts_season,1373365756,True,2026-10-05T16:29:19+00:00
2023,JAX,Doug Pederson,Press Taylor,Mike Caldwell,Doug Pederson,Press Taylor,Mike Caldwell,infobox,https://en.wikipedia.org/wiki/2023_Jacksonville_Jaguars_season,1366389382,True,2026-10-05T16:29:19+00:00
2023,KC,Andy Reid,Matt Nagy,Steve Spagnuolo,Andy Reid,Matt Nagy,Steve Spagnuolo,infobox,https://en.wikipedia.org/wiki/2023_Kansas_City_Chiefs_season,1375966002,True,2026-10-05T16:29:19+00:00
2023,LA,Sean McVay,Mike LaFleur,Raheem Morris,Sean McVay,Mike LaFleur,Raheem Morris,infobox,https://en.wikipedia.org/wiki/2023_Los_Angeles_Rams_season,1372419886,True,2026-10-05T16:29:19+00:00
2023,LAC,Brandon Staley,Kellen Moore,Derrick Ansley,Brandon Staley; Giff Smith,Kellen Moore,Derrick Ansley,infobox+final staff box,https://en.wikipedia.org/wiki/2023_Los_Angeles_Chargers_season,1376382304,True,2026-10-05T16:29:19+00:00
2023,LV,Josh McDaniels,Mick Lombardi,Patrick Graham,Josh McDaniels; Antonio Pierce,Mick Lombardi; Bo Hardegree,Patrick Graham,infobox+final staff box,https://en.wikipedia.org/wiki/2023_Las_Vegas_Raiders_season,1367101304,True,2026-10-05T16:29:19+00:00
2023,MIA,Mike McDaniel,Frank Smith,Vic Fangio,Mike McDaniel,Frank Smith,Vic Fangio,infobox+final staff box,https://en.wikipedia.org/wiki/2023_Miami_Dolphins_season,1377367234,True,2026-10-05T16:29:19+00:00
2023,MIN,Kevin O'Connell,Wes Phillips,Brian Flores,Kevin O'Connell,Wes Phillips,Brian Flores,infobox+final staff box,https://en.wikipedia.org/wiki/2023_Minnesota_Vikings_season,1366570699,True,2026-10-05T16:29:19+00:00
2023,NE,Bill Belichick,Bill O'Brien,,Bill Belichick,Bill O'Brien,,infobox+final staff box,https://en.wikipedia.org/wiki/2023_New_England_Patriots_season,1374989112,True,2026-10-05T16:29:19+00:00
2023,NO,Dennis Allen,Pete Carmichael,Joe Woods,Dennis Allen,Pete Carmichael,Joe Woods,infobox+final staff box,https://en.wikipedia.org/wiki/2023_New_Orleans_Saints_season,1377206530,True,2026-10-05T16:29:19+00:00
2023,NYG,Brian Daboll,Mike Kafka,Don Martindale,Brian Daboll,Mike Kafka,Don Martindale,infobox+final staff box,https://en.wikipedia.org/wiki/2023_New_York_Giants_season,1371478203,True,2026-10-05T16:29:19+00:00
2023,NYJ,Robert Saleh,Nathaniel Hackett,Jeff Ulbrich,Robert Saleh,Nathaniel Hackett,Jeff Ulbrich,infobox+final staff box,https://en.wikipedia.org/wiki/2023_New_York_Jets_season,1366408927,True,2026-10-05T16:29:19+00:00
2023,PHI,Nick Sirianni,Brian Johnson,Sean Desai,Nick Sirianni,Brian Johnson,Sean Desai,infobox,https://en.wikipedia.org/wiki/2023_Philadelphia_Eagles_season,1368911091,True,2026-10-05T16:29:19+00:00
2023,PIT,Mike Tomlin,Matt Canada,Teryl Austin,Mike Tomlin,Matt Canada,Teryl Austin,infobox,https://en.wikipedia.org/wiki/2023_Pittsburgh_Steelers_season,1375618168,True,2026-10-05T16:29:19+00:00
2023,SEA,Pete Carroll,Shane Waldron,Clint Hurtt,Pete Carroll,Shane Waldron,Clint Hurtt,infobox+final staff box,https://en.wikipedia.org/wiki/2023_Seattle_Seahawks_season,1377795595,True,2026-10-05T16:29:19+00:00
2023,SF,Kyle Shanahan,Kyle Shanahan,Steve Wilks,Kyle Shanahan,Kyle Shanahan,Steve Wilks,infobox,https://en.wikipedia.org/wiki/2023_San_Francisco_49ers_season,1361306248,True,2026-10-05T16:29:19+00:00
2023,TB,Todd Bowles,Dave Canales,,Todd Bowles,Dave Canales,,infobox+final staff box,https://en.wikipedia.org/wiki/2023_Tampa_Bay_Buccaneers_season,1356193251,True,2026-10-05T16:29:19+00:00
2023,TEN,Mike Vrabel,Tim Kelly,Shane Bowen,Mike Vrabel,Tim Kelly,Shane Bowen,infobox+final staff box,https://en.wikipedia.org/wiki/2023_Tennessee_Titans_season,1366390855,True,2026-10-05T16:29:19+00:00
2023,WAS,Ron Rivera,Eric Bieniemy,Jack Del Rio,Ron Rivera,Eric Bieniemy,Jack Del Rio,infobox,https://en.wikipedia.org/wiki/2023_Washington_Commanders_season,1372427129,True,2026-10-05T16:29:19+00:00
2024,ARI,Jonathan Gannon,Drew Petzing,Nick Rallis,Jonathan Gannon,Drew Petzing,Nick Rallis,infobox+final staff box,https://en.wikipedia.org/wiki/2024_Arizona_Cardinals_season,1348826732,True,2026-10-05T16:29:19+00:00
2024,ATL,Raheem Morris,Zac Robinson,Jimmy Lake,Raheem Morris,Zac Robinson,Jimmy Lake,infobox+final staff box,https://en.wikipedia.org/wiki/2024_Atlanta_Falcons_season,1350035866,True,2026-10-05T16:29:19+00:00
2024,BAL,John Harbaugh,Todd Monken,Zach Orr,John Harbaugh,Todd Monken,Zach Orr,infobox,https://en.wikipedia.org/wiki/2024_Baltimore_Ravens_season,1360323747,True,2026-10-05T16:29:19+00:00
2024,BUF,Sean McDermott,Joe Brady,Bobby Babich,Sean McDermott,Joe Brady,Bobby Babich,infobox,https://en.wikipedia.org/wiki/2024_Buffalo_Bills_season,1377662657,True,2026-10-05T16:29:19+00:00
2024,CAR,Dave Canales,Brad Idzik,Ejiro Evero,Dave Canales,Brad Idzik,Ejiro Evero,infobox+final staff box,https://en.wikipedia.org/wiki/2024_Carolina_Panthers_season,1375065519,True,2026-10-05T16:29:19+00:00
2024,CHI,Matt Eberflus,Shane Waldron,Eric Washington,Matt Eberflus; Thomas Brown,Shane Waldron; Chris Beatty,Eric Washington,infobox+final staff box,https://en.wikipedia.org/wiki/2024_Chicago_Bears_season,1366457887,True,2026-10-05T16:29:19+00:00
2024,CIN,Zac Taylor,Dan Pitcher,Lou Anarumo,Zac Taylor,Dan Pitcher,Lou Anarumo,infobox+final staff box,https://en.wikipedia.org/wiki/2024_Cincinnati_Bengals_season,1377715703,True,2026-10-05T16:29:19+00:00
2024,CLE,Kevin Stefanski,Ken Dorsey,Jim Schwartz,Kevin Stefanski,Ken Dorsey,Jim Schwartz,infobox+final staff box,https://en.wikipedia.org/wiki/2024_Cleveland_Browns_season,1359810500,True,2026-10-05T16:29:19+00:00
2024,DAL,Mike McCarthy,Brian Schottenheimer,Mike Zimmer,Mike McCarthy,Brian Schottenheimer,Mike Zimmer,infobox+final staff box,https://en.wikipedia.org/wiki/2024_Dallas_Cowboys_season,1372844823,True,2026-10-05T16:29:19+00:00
2024,DEN,Sean Payton,Joe Lombardi,Vance Joseph,Sean Payton,Joe Lombardi,Vance Joseph,infobox,https://en.wikipedia.org/wiki/2024_Denver_Broncos_season,1372214172,True,2026-10-05T16:29:19+00:00
2024,DET,Dan Campbell,Ben Johnson,Aaron Glenn,Dan Campbell,Ben Johnson,Aaron Glenn,infobox+final staff box,https://en.wikipedia.org/wiki/2024_Detroit_Lions_season,1377696279,True,2026-10-05T16:29:19+00:00
2024,GB,Matt LaFleur,Adam Stenavich,Jeff Hafley,Matt LaFleur,Adam Stenavich,Jeff Hafley,infobox,https://en.wikipedia.org/wiki/2024_Green_Bay_Packers_season,1377740300,True,2026-10-05T16:29:19+00:00
2024,HOU,DeMeco Ryans,Bobby Slowik,Matt Burke,DeMeco Ryans,Bobby Slowik,Matt Burke,infobox,https://en.wikipedia.org/wiki/2024_Houston_Texans_season,1354025831,True,2026-10-05T16:29:19+00:00
2024,IND,Shane Steichen,Jim Bob Cooter,Gus Bradley,Shane Steichen,Jim Bob Cooter,Gus Bradley,infobox+final staff box,https://en.wikipedia.org/wiki/2024_Indianapolis_Colts_season,1373365752,True,2026-10-05T16:29:19+00:00
2024,JAX,Doug Pederson,Press Taylor,Ryan Nielsen,Doug Pederson,Press Taylor,Ryan Nielsen,infobox,https://en.wikipedia.org/wiki/2024_Jacksonville_Jaguars_season,1348063343,True,2026-10-05T16:29:19+00:00
2024,KC,Andy Reid,Matt Nagy,Steve Spagnuolo,Andy Reid,Matt Nagy,Steve Spagnuolo,infobox,https://en.wikipedia.org/wiki/2024_Kansas_City_Chiefs_season,1376137388,True,2026-10-05T16:29:19+00:00
2024,LA,Sean McVay,Mike LaFleur,Chris Shula,Sean McVay,Mike LaFleur,Chris Shula,infobox,https://en.wikipedia.org/wiki/2024_Los_Angeles_Rams_season,1348825963,True,2026-10-05T16:29:19+00:00
2024,LAC,Jim Harbaugh,Greg Roman,Jesse Minter,Jim Harbaugh,Greg Roman,Jesse Minter,infobox,https://en.wikipedia.org/wiki/2024_Los_Angeles_Chargers_season,1367811176,True,2026-10-05T16:29:19+00:00
2024,LV,Antonio Pierce,Luke Getsy,Patrick Graham,Antonio Pierce,Luke Getsy; Scott Turner,Patrick Graham,infobox+final staff box,https://en.wikipedia.org/wiki/2024_Las_Vegas_Raiders_season,1376572240,True,2026-10-05T16:29:19+00:00
2024,MIA,Mike McDaniel,Frank Smith,Anthony Weaver,Mike McDaniel,Frank Smith,Anthony Weaver,infobox+final staff box,https://en.wikipedia.org/wiki/2024_Miami_Dolphins_season,1369910417,True,2026-10-05T16:29:19+00:00
2024,MIN,Kevin O'Connell,Wes Phillips,Brian Flores,Kevin O'Connell,Wes Phillips,Brian Flores,infobox,https://en.wikipedia.org/wiki/2024_Minnesota_Vikings_season,1377903123,True,2026-10-05T16:29:19+00:00
2024,NE,Jerod Mayo,Alex Van Pelt,DeMarcus Covington,Jerod Mayo,Alex Van Pelt,DeMarcus Covington,infobox+final staff box,https://en.wikipedia.org/wiki/2024_New_England_Patriots_season,1376529902,True,2026-10-05T16:29:19+00:00
2024,NO,Dennis Allen,Klint Kubiak,Joe Woods,Dennis Allen; Darren Rizzi,Klint Kubiak,Joe Woods,infobox,https://en.wikipedia.org/wiki/2024_New_Orleans_Saints_season,1364114732,True,2026-10-05T16:29:19+00:00
2024,NYG,Brian Daboll,,Shane Bowen,Brian Daboll,,Shane Bowen,infobox+final staff box,https://en.wikipedia.org/wiki/2024_New_York_Giants_season,1378659455,True,2026-10-05T16:29:19+00:00
2024,NYJ,Robert Saleh,Nathaniel Hackett,Marquand Manuel,Robert Saleh; Jeff Ulbrich,Nathaniel Hackett,Marquand Manuel,infobox+final staff box,https://en.wikipedia.org/wiki/2024_New_York_Jets_season,1378552856,True,2026-10-05T16:29:19+00:00
2024,PHI,Nick Sirianni,Kellen Moore,Vic Fangio,Nick Sirianni,Kellen Moore,Vic Fangio,infobox,https://en.wikipedia.org/wiki/2024_Philadelphia_Eagles_season,1377749242,True,2026-10-05T16:29:19+00:00
2024,PIT,Mike Tomlin,Arthur Smith,Teryl Austin,Mike Tomlin,Arthur Smith,Teryl Austin,infobox,https://en.wikipedia.org/wiki/2024_Pittsburgh_Steelers_season,1376572870,True,2026-10-05T16:29:19+00:00
2024,SEA,Mike Macdonald,Ryan Grubb,Aden Durde,Mike Macdonald,Ryan Grubb,Aden Durde,infobox+final staff box,https://en.wikipedia.org/wiki/2024_Seattle_Seahawks_season,1378060090,True,2026-10-05T16:29:19+00:00
2024,SF,Kyle Shanahan,Kyle Shanahan,Nick Sorensen,Kyle Shanahan,Kyle Shanahan,Nick Sorensen,infobox,https://en.wikipedia.org/wiki/2024_San_Francisco_49ers_season,1375345794,True,2026-10-05T16:29:19+00:00
2024,TB,Todd Bowles,Liam Coen,,Todd Bowles,Liam Coen,,infobox+final staff box,https://en.wikipedia.org/wiki/2024_Tampa_Bay_Buccaneers_season,1365050094,True,2026-10-05T16:29:19+00:00
2024,TEN,Brian Callahan,Nick Holz,Dennard Wilson,Brian Callahan,Nick Holz,Dennard Wilson,infobox+final staff box,https://en.wikipedia.org/wiki/2024_Tennessee_Titans_season,1360927570,True,2026-10-05T16:29:19+00:00
2024,WAS,Dan Quinn,Kliff Kingsbury,Joe Whitt Jr.,Dan Quinn,Kliff Kingsbury,Joe Whitt Jr.,infobox,https://en.wikipedia.org/wiki/2024_Washington_Commanders_season,1357459708,True,2026-10-05T16:29:19+00:00
2025,ARI,Jonathan Gannon,Drew Petzing,Nick Rallis,Jonathan Gannon,Drew Petzing,Nick Rallis,infobox+final staff box,https://en.wikipedia.org/wiki/2025_Arizona_Cardinals_season,1376368051,True,2026-10-05T16:29:19+00:00
2025,ATL,Raheem Morris,Zac Robinson,Jeff Ulbrich,Raheem Morris,Zac Robinson,Jeff Ulbrich,infobox+final staff box,https://en.wikipedia.org/wiki/2025_Atlanta_Falcons_season,1372745841,True,2026-10-05T16:29:19+00:00
2025,BAL,John Harbaugh,Todd Monken,Zach Orr,John Harbaugh,Todd Monken,Zach Orr,infobox,https://en.wikipedia.org/wiki/2025_Baltimore_Ravens_season,1377963538,True,2026-10-05T16:29:19+00:00
2025,BUF,Sean McDermott,Joe Brady,Bobby Babich,Sean McDermott,Joe Brady,Bobby Babich,infobox,https://en.wikipedia.org/wiki/2025_Buffalo_Bills_season,1377586178,True,2026-10-05T16:29:19+00:00
2025,CAR,Dave Canales,Brad Idzik,Ejiro Evero,Dave Canales,Brad Idzik,Ejiro Evero,infobox,https://en.wikipedia.org/wiki/2025_Carolina_Panthers_season,1375870946,True,2026-10-05T16:29:19+00:00
2025,CHI,Ben Johnson,Declan Doyle,Dennis Allen,Ben Johnson,Declan Doyle,Dennis Allen,infobox+final staff box,https://en.wikipedia.org/wiki/2025_Chicago_Bears_season,1378240140,True,2026-10-05T16:29:19+00:00
2025,CIN,Zac Taylor,Dan Pitcher,Al Golden,Zac Taylor,Dan Pitcher,Al Golden,infobox+final staff box,https://en.wikipedia.org/wiki/2025_Cincinnati_Bengals_season,1377716144,True,2026-10-05T16:29:19+00:00
2025,CLE,Kevin Stefanski,Tommy Rees,Jim Schwartz,Kevin Stefanski,Tommy Rees,Jim Schwartz,infobox+final staff box,https://en.wikipedia.org/wiki/2025_Cleveland_Browns_season,1373001765,True,2026-10-05T16:29:19+00:00
2025,DAL,Brian Schottenheimer,Klayton Adams,Matt Eberflus,Brian Schottenheimer,Klayton Adams,Matt Eberflus,infobox+final staff box,https://en.wikipedia.org/wiki/2025_Dallas_Cowboys_season,1372844946,True,2026-10-05T16:29:19+00:00
2025,DEN,Sean Payton,Joe Lombardi,Vance Joseph,Sean Payton,Joe Lombardi,Vance Joseph,infobox,https://en.wikipedia.org/wiki/2025_Denver_Broncos_season,1376272428,True,2026-10-05T16:29:19+00:00
2025,DET,Dan Campbell,John Morton,Kelvin Sheppard,Dan Campbell,John Morton,Kelvin Sheppard,infobox+final staff box,https://en.wikipedia.org/wiki/2025_Detroit_Lions_season,1374538983,True,2026-10-05T16:29:19+00:00
2025,GB,Matt LaFleur,Adam Stenavich,Jeff Hafley,Matt LaFleur,Adam Stenavich,Jeff Hafley,infobox+final staff box,https://en.wikipedia.org/wiki/2025_Green_Bay_Packers_season,1377432737,True,2026-10-05T16:29:19+00:00
2025,HOU,DeMeco Ryans,Nick Caley,Matt Burke,DeMeco Ryans,Nick Caley,Matt Burke,infobox,https://en.wikipedia.org/wiki/2025_Houston_Texans_season,1377648469,True,2026-10-05T16:29:19+00:00
2025,IND,Shane Steichen,Jim Bob Cooter,Lou Anarumo,Shane Steichen,Jim Bob Cooter,Lou Anarumo,infobox+final staff box,https://en.wikipedia.org/wiki/2025_Indianapolis_Colts_season,1375947728,True,2026-10-05T16:29:19+00:00
2025,JAX,Liam Coen,Grant Udinski,Anthony Campanile,Liam Coen,Grant Udinski,Anthony Campanile,infobox,https://en.wikipedia.org/wiki/2025_Jacksonville_Jaguars_season,1377648839,True,2026-10-05T16:29:19+00:00
2025,KC,Andy Reid,Matt Nagy,Steve Spagnuolo,Andy Reid,Matt Nagy,Steve Spagnuolo,infobox+final staff box,https://en.wikipedia.org/wiki/2025_Kansas_City_Chiefs_season,1378372877,True,2026-10-05T16:29:19+00:00
2025,LA,Sean McVay,Mike LaFleur,Chris Shula,Sean McVay,Mike LaFleur,Chris Shula,infobox,https://en.wikipedia.org/wiki/2025_Los_Angeles_Rams_season,1376437811,True,2026-10-05T16:29:19+00:00
2025,LAC,Jim Harbaugh,Greg Roman,Jesse Minter,Jim Harbaugh,Greg Roman,Jesse Minter,infobox+final staff box,https://en.wikipedia.org/wiki/2025_Los_Angeles_Chargers_season,1369575226,True,2026-10-05T16:29:19+00:00
2025,LV,Pete Carroll,Greg Olson,Patrick Graham,Pete Carroll,Greg Olson,Patrick Graham,infobox+final staff box,https://en.wikipedia.org/wiki/2025_Las_Vegas_Raiders_season,1375965549,True,2026-10-05T16:29:19+00:00
2025,MIA,Mike McDaniel,Frank Smith,Anthony Weaver,Mike McDaniel,Frank Smith,Anthony Weaver,infobox+final staff box,https://en.wikipedia.org/wiki/2025_Miami_Dolphins_season,1373189266,True,2026-10-05T16:29:19+00:00
2025,MIN,Kevin O'Connell,Wes Phillips,Brian Flores,Kevin O'Connell,Wes Phillips,Brian Flores,infobox+final staff box,https://en.wikipedia.org/wiki/2025_Minnesota_Vikings_season,1372367886,True,2026-10-05T16:29:19+00:00
2025,NE,Mike Vrabel,Josh McDaniels,Terrell Williams,Mike Vrabel,Josh McDaniels,Terrell Williams; Zak Kuhr,infobox,https://en.wikipedia.org/wiki/2025_New_England_Patriots_season,1377902806,True,2026-10-05T16:29:19+00:00
2025,NO,Kellen Moore,Doug Nussmeier,Brandon Staley,Kellen Moore,Doug Nussmeier,Brandon Staley,infobox,https://en.wikipedia.org/wiki/2025_New_Orleans_Saints_season,1369212197,True,2026-10-05T16:29:19+00:00
2025,NYG,Brian Daboll,Tim Kelly,Charlie Bullen,Brian Daboll; Mike Kafka,Tim Kelly,Charlie Bullen,infobox+final staff box,https://en.wikipedia.org/wiki/2025_New_York_Giants_season,1378658203,True,2026-10-05T16:29:19+00:00
2025,NYJ,Aaron Glenn,Tanner Engstrand,Chris Harris,Aaron Glenn,Tanner Engstrand,Chris Harris,infobox+final staff box,https://en.wikipedia.org/wiki/2025_New_York_Jets_season,1378429752,True,2026-10-05T16:29:19+00:00
2025,PHI,Nick Sirianni,Kevin Patullo,Vic Fangio,Nick Sirianni,Kevin Patullo,Vic Fangio,infobox,https://en.wikipedia.org/wiki/2025_Philadelphia_Eagles_season,1377747994,True,2026-10-05T16:29:19+00:00
2025,PIT,Mike Tomlin,Arthur Smith,Teryl Austin,Mike Tomlin,Arthur Smith,Teryl Austin,infobox,https://en.wikipedia.org/wiki/2025_Pittsburgh_Steelers_season,1378245433,True,2026-10-05T16:29:19+00:00
2025,SEA,Mike Macdonald,Klint Kubiak,Aden Durde,Mike Macdonald,Klint Kubiak,Aden Durde,infobox,https://en.wikipedia.org/wiki/2025_Seattle_Seahawks_season,1378101544,True,2026-10-05T16:29:19+00:00
2025,SF,Kyle Shanahan,Klay Kubiak,Robert Saleh,Kyle Shanahan,Klay Kubiak,Robert Saleh,infobox,https://en.wikipedia.org/wiki/2025_San_Francisco_49ers_season,1378621307,True,2026-10-05T16:29:19+00:00
2025,TB,Todd Bowles,Josh Grizzard,,Todd Bowles,Josh Grizzard,,infobox+final staff box,https://en.wikipedia.org/wiki/2025_Tampa_Bay_Buccaneers_season,1369328322,True,2026-10-05T16:29:19+00:00
2025,TEN,Brian Callahan,Nick Holz,Dennard Wilson,Brian Callahan; Mike McCoy,Nick Holz,Dennard Wilson,infobox+final staff box,https://en.wikipedia.org/wiki/2025_Tennessee_Titans_season,1374539144,True,2026-10-05T16:29:19+00:00
2025,WAS,Dan Quinn,Kliff Kingsbury,Joe Whitt Jr.,Dan Quinn,Kliff Kingsbury,Joe Whitt Jr.,infobox,https://en.wikipedia.org/wiki/2025_Washington_Commanders_season,1376167676,True,2026-10-05T16:29:19+00:00
2026,ARI,Mike LaFleur,Nathaniel Hackett,Nick Rallis,Mike LaFleur,Nathaniel Hackett,Nick Rallis,infobox,https://en.wikipedia.org/wiki/2026_Arizona_Cardinals_season,1378562752,True,2026-10-05T16:29:19+00:00
2026,ATL,Kevin Stefanski,Tommy Rees,Jeff Ulbrich,Kevin Stefanski,,,infobox+current staff template,https://en.wikipedia.org/wiki/2026_Atlanta_Falcons_season ; https://en.wikipedia.org/wiki/Template:Atlanta_Falcons_staff (rev 1366381155),1377485713,True,2026-10-05T16:29:19+00:00
2026,BAL,Jesse Minter,Declan Doyle,Anthony Weaver,Jesse Minter,Declan Doyle,Anthony Weaver,infobox,https://en.wikipedia.org/wiki/2026_Baltimore_Ravens_season,1378509324,True,2026-10-05T16:29:19+00:00
2026,BUF,Joe Brady,Pete Carmichael Jr.,Jim Leonhard,Joe Brady,Pete Carmichael Jr.,Jim Leonhard,infobox,https://en.wikipedia.org/wiki/2026_Buffalo_Bills_season,1378600405,True,2026-10-05T16:29:19+00:00
2026,CAR,Dave Canales,Brad Idzik,Ejiro Evero,Dave Canales,,,infobox+current staff template,https://en.wikipedia.org/wiki/2026_Carolina_Panthers_season ; https://en.wikipedia.org/wiki/Template:Carolina_Panthers_staff (rev 1377673821),1378673422,True,2026-10-05T16:29:19+00:00
2026,CHI,Ben Johnson,Press Taylor,Dennis Allen,Ben Johnson,,,infobox+current staff template,https://en.wikipedia.org/wiki/2026_Chicago_Bears_season ; https://en.wikipedia.org/wiki/Template:Chicago_Bears_staff (rev 1374113003),1378560331,True,2026-10-05T16:29:19+00:00
2026,CIN,Zac Taylor,Dan Pitcher,Al Golden,Zac Taylor,,,infobox+current staff template,https://en.wikipedia.org/wiki/2026_Cincinnati_Bengals_season ; https://en.wikipedia.org/wiki/Template:Cincinnati_Bengals_staff (rev 1366362395),1378584665,True,2026-10-05T16:29:19+00:00
2026,CLE,Todd Monken,Travis Switzer,Mike Rutenberg,Todd Monken,,,infobox+current staff template,https://en.wikipedia.org/wiki/2026_Cleveland_Browns_season ; https://en.wikipedia.org/wiki/Template:Cleveland_Browns_staff (rev 1366362522),1378197713,True,2026-10-05T16:29:19+00:00
2026,DAL,Brian Schottenheimer,Klayton Adams,Christian Parker,Brian Schottenheimer,,,infobox+current staff template,https://en.wikipedia.org/wiki/2026_Dallas_Cowboys_season ; https://en.wikipedia.org/wiki/Template:Dallas_Cowboys_staff (rev 1366380769),1378664537,True,2026-10-05T16:29:19+00:00
2026,DEN,Sean Payton,Davis Webb,Vance Joseph,Sean Payton,Davis Webb,Vance Joseph,infobox,https://en.wikipedia.org/wiki/2026_Denver_Broncos_season,1378664441,True,2026-10-05T16:29:19+00:00
2026,DET,Dan Campbell,Drew Petzing,Kelvin Sheppard,Dan Campbell,,,infobox+current staff template,https://en.wikipedia.org/wiki/2026_Detroit_Lions_season ; https://en.wikipedia.org/wiki/Template:Detroit_Lions_staff (rev 1377673698),1378608202,True,2026-10-05T16:29:19+00:00
2026,GB,Matt LaFleur,Adam Stenavich,Jonathan Gannon,Matt LaFleur,,,infobox+current staff template,https://en.wikipedia.org/wiki/2026_Green_Bay_Packers_season ; https://en.wikipedia.org/wiki/Template:Green_Bay_Packers_staff (rev 1366379496),1378668322,True,2026-10-05T16:29:19+00:00
2026,HOU,DeMeco Ryans,Nick Caley,Matt Burke,DeMeco Ryans,,,infobox+current staff template,https://en.wikipedia.org/wiki/2026_Houston_Texans_season ; https://en.wikipedia.org/wiki/Template:Houston_Texans_staff (rev 1366380650),1378612380,True,2026-10-05T16:29:19+00:00
2026,IND,Shane Steichen,Jim Bob Cooter,Lou Anarumo,Shane Steichen,,,infobox+current staff template,https://en.wikipedia.org/wiki/2026_Indianapolis_Colts_season ; https://en.wikipedia.org/wiki/Template:Indianapolis_Colts_staff (rev 1373365465),1378654830,True,2026-10-05T16:29:19+00:00
2026,JAX,Liam Coen,Grant Udinski,Anthony Campanile,Liam Coen,Grant Udinski,Anthony Campanile,infobox,https://en.wikipedia.org/wiki/2026_Jacksonville_Jaguars_season,1378511522,True,2026-10-05T16:29:19+00:00
2026,KC,Andy Reid,Eric Bieniemy,Steve Spagnuolo,Andy Reid,,,infobox+current staff template,https://en.wikipedia.org/wiki/2026_Kansas_City_Chiefs_season ; https://en.wikipedia.org/wiki/Template:Kansas_City_Chiefs_staff (rev 1377673379),1378634781,True,2026-10-05T16:29:19+00:00
2026,LA,Sean McVay,Nathan Scheelhaase,Chris Shula,Sean McVay,Nathan Scheelhaase,Chris Shula,infobox,https://en.wikipedia.org/wiki/2026_Los_Angeles_Rams_season,1378562594,True,2026-10-05T16:29:19+00:00
2026,LAC,Jim Harbaugh,Mike McDaniel,Chris O'Leary,Jim Harbaugh,,,infobox+current staff template,https://en.wikipedia.org/wiki/2026_Los_Angeles_Chargers_season ; https://en.wikipedia.org/wiki/Template:Los_Angeles_Chargers_staff (rev 1355525641),1378553727,True,2026-10-05T16:29:19+00:00
2026,LV,Klint Kubiak,Andrew Janocko,Rob Leonard,Klint Kubiak,,,infobox+current staff template,https://en.wikipedia.org/wiki/2026_Las_Vegas_Raiders_season ; https://en.wikipedia.org/wiki/Template:Las_Vegas_Raiders_staff (rev 1377673420),1378562989,True,2026-10-05T16:29:19+00:00
2026,MIA,Jeff Hafley,Bobby Slowik,Sean Duggan,Jeff Hafley,,,infobox+current staff template,https://en.wikipedia.org/wiki/2026_Miami_Dolphins_season ; https://en.wikipedia.org/wiki/Template:Miami_Dolphins_staff (rev 1377674367),1378599622,True,2026-10-05T16:29:19+00:00
2026,MIN,Kevin O'Connell,Wes Phillips,Brian Flores,Kevin O'Connell,,,infobox+current staff template,https://en.wikipedia.org/wiki/2026_Minnesota_Vikings_season ; https://en.wikipedia.org/wiki/Template:Minnesota_Vikings_staff (rev 1361532574),1378546504,True,2026-10-05T16:29:19+00:00
2026,NE,Mike Vrabel,Josh McDaniels,Zak Kuhr,Mike Vrabel,Josh McDaniels,Zak Kuhr,infobox,https://en.wikipedia.org/wiki/2026_New_England_Patriots_season,1378638809,True,2026-10-05T16:29:19+00:00
2026,NO,Kellen Moore,Doug Nussmeier,Brandon Staley,Kellen Moore,,,infobox+current staff template,https://en.wikipedia.org/wiki/2026_New_Orleans_Saints_season ; https://en.wikipedia.org/wiki/Template:New_Orleans_Saints_staff (rev 1366379863),1378673886,True,2026-10-05T16:29:19+00:00
2026,NYG,John Harbaugh,Matt Nagy,Dennard Wilson,John Harbaugh,,,infobox+current staff template,https://en.wikipedia.org/wiki/2026_New_York_Giants_season ; https://en.wikipedia.org/wiki/Template:New_York_Giants_staff (rev 1374218185),1378673509,True,2026-10-05T16:29:19+00:00
2026,NYJ,Aaron Glenn,Frank Reich,Brian Duker,Aaron Glenn,,,infobox+current staff template,https://en.wikipedia.org/wiki/2026_New_York_Jets_season ; https://en.wikipedia.org/wiki/Template:New_York_Jets_staff (rev 1368923320),1378657126,True,2026-10-05T16:29:19+00:00
2026,PHI,Nick Sirianni,Sean Mannion,Vic Fangio,Nick Sirianni,Sean Mannion; Vic Fangio; 2026 season; Philadelphia Eagles; National Football League; head coach; Nick Sirianni; 2025; 2021; A.J. Brown; New England Patriots; Kevin Patullo; NFL Top 100 Players of 2026,,infobox+current staff template,https://en.wikipedia.org/wiki/2026_Philadelphia_Eagles_season ; https://en.wikipedia.org/wiki/Template:Philadelphia_Eagles_staff (rev 1373028486),1378672180,True,2026-10-05T16:29:19+00:00
2026,PIT,Mike McCarthy,Brian Angelichio,Patrick Graham,Mike McCarthy,Brian Angelichio,Patrick Graham,infobox,https://en.wikipedia.org/wiki/2026_Pittsburgh_Steelers_season,1378617100,True,2026-10-05T16:29:19+00:00
2026,SEA,Mike Macdonald,Brian Fleury,Aden Durde,Mike Macdonald,Brian Fleury,Aden Durde,infobox,https://en.wikipedia.org/wiki/2026_Seattle_Seahawks_season,1378553933,True,2026-10-05T16:29:19+00:00
2026,SF,Kyle Shanahan,Klay Kubiak,Raheem Morris,Kyle Shanahan,Klay Kubiak,Raheem Morris,infobox,https://en.wikipedia.org/wiki/2026_San_Francisco_49ers_season,1378663865,True,2026-10-05T16:29:19+00:00
2026,TB,Todd Bowles,Zac Robinson,,Todd Bowles,,,infobox+current staff template,https://en.wikipedia.org/wiki/2026_Tampa_Bay_Buccaneers_season ; https://en.wikipedia.org/wiki/Template:Tampa_Bay_Buccaneers_staff (rev 1374099175),1378673740,True,2026-10-05T16:29:19+00:00
2026,TEN,Robert Saleh,Brian Daboll,Gus Bradley,Robert Saleh,Brian Daboll,Gus Bradley,infobox,https://en.wikipedia.org/wiki/2026_Tennessee_Titans_season,1378540210,True,2026-10-05T16:29:19+00:00
2026,WAS,Dan Quinn,David Blough,Daronte Jones,Dan Quinn,David Blough,Daronte Jones,infobox,https://en.wikipedia.org/wiki/2026_Washington_Commanders_season,1378500566,True,2026-10-05T16:29:19+00:00
